故障代码,故障解释,故障原因,解决方案,SYJX（故障属性）,故障类型
1,变频器检测电网波动,变频器检测到电网过压、欠压、频率过高、频率过低或电压不平衡。,"1.查看变频器菜单中的子故障，判断具体原因。
2.查询风机监控软件记录的波形数据，检查故障时刻电网是否波动（如电压突变、频率突变或三相不平衡的情况）。如波动后又恢复正常，经业主同意后可直接复位启机并网；如波动后不能恢复正常，询问业主电网是否存在未解决的问题。
3.如果电网实际电压正常，但风机显示的电网电压异常，检查变频器测量电网电压回路的线路及器件是否松动或异常（如：网侧8A/16A保险是否损坏）。",ABB.Pro程序PLC故障,变流器
2,机组部件类型未选择,PLC检测到机组器件类型选择不全,1.检查机组叶片、发电机、变桨减速比、风速仪等部件类型是否设置完毕。,ABB.Pro程序PLC故障,部件选型
3,预留,,,ABB.Pro程序PLC故障,备用
4,变频器复位超时,PLC与变频器CAN通讯发生故障,"1.如果与Err23一起报且Err23能复位，但Err4只有断电或重启PLC才能复位，可以重新下载或更换主PLC的CAN-Open协议。
2.检查变频器至PLC的CAN通讯接口之间线路、器件是否松动。
3.更换主PLC。",ABB.Pro程序PLC故障,看门狗
5,PLC软件标识号不正确,PLC软件版本不匹配,1.检查主、从、塔基PLC程序版本是否匹配。,ABB.Pro程序PLC故障,版本检查
6,变桨软件版本错误,变桨变频器软件版本存在问题,1.检查变桨变频器软件版本是否与PLC匹配。,ABB.Pro程序PLC故障,版本检查
7,偏航软件版本错误,偏航软件版本与程序定义版本不一致,"1.检查偏航变频器程序是否与PLC匹配。
2.修改PLC程序中参数DemYawVer为控制面板上显示的偏航版本号。",ABB.Pro程序PLC故障,版本检查
8,在初始化轮毂不能到达停止状态,初始化轮毂在35秒内未达到停止状态,"1.检查变桨状态是否变化正常。
2.检查接近开关安装距离及反馈信号是否正常。
3.检查是否滑桨。
4.如果划桨，检查变桨制动器供电继电器是否损坏，检查变桨电机刹车扭矩是否满足要求。",ABB.Pro程序PLC故障,初始化状态机
9,电网频率异常,电网频率大于设定值或小于设定值超过时限,"1.检查电网频率是否正常。
2.检查电网频率故障限值设置及延时时间是否正常。",ABB.Pro程序PLC故障,电网
10,无法找到机舱零位,机舱初始化状态偏航寻找零位超过24000秒,"1.检查凸轮开关反馈信号线路是否松动。
2.检查凸轮开关工作是否正常。",ABB.Pro程序PLC故障,初始化状态机
11,SS-0保险断开,保险下端接地或绝缘不够,"1.检查F230.6保险下端是否接地，如有接地需先处理好接地问题。
2.检查浪涌保护器F238.7及F238.2是否接地。
3.如果即将并网报此故障且与Err145同时报，检查ABB定子接触器24V控制线圈对地电阻，正常为1kΩ以上，如果只有十几欧姆，则电路板损坏，需更换电路板。
4.如果与Err23、Err29等故障同时报出，检查变频器IGBT、变频器24V电源板、350A保险、8A保险、Crowbar管状放电电阻是否正常。",ABB.Pro程序PLC故障,安全链
12,SS-1急停按扭,PLC接收不到组合继电器闭合反馈信号,"1.如果与Err103、Err104、Err105中的一个或多个同时报出，检查是否有急停按钮拍下或损坏。
2.如果单报Err12无法复位，检查急停及复位回路，寻找是否存在断点或线路松动问题。
3.检查急停复位线圈回路24V电压，如果低于20Vdc，则检查浪涌等器件是否正常，如绝缘异常、串电压等。
4.检查多功能继电器K230.3是否有问题。
5.若故障能够复位，但频繁发生，且以上原因都排除，则可采用排除法，将急停回路逐一短接，检查确定是否有线路或器件异常。",ABB.Pro程序PLC故障,安全链
13,SS-5机侧变频器断开安全链,系统检测到发电机超速,"1.检查编码器固定是否正常。
2.检查编码器外接电缆屏蔽线接地电阻是否小于0.3欧。
3.检查编码器至变频器间通讯线及插头是否松动或工作异常。
4.检查变频器到超速继电器及PLC之间的线路是否松动。
5.检查编码器供电电源是否稳定。
6.断开检查编码器外壳对地电阻，正常为无穷大。
7.检查发电机振动、噪音是否较大（如天元电机轴承不好引起噪音和振动，导致转速信号突变）。
8.检查发电机与齿轮箱之间的联轴器是否固定松动。
9.检查发电机编码器及固定是否有问题，天元电机早期使用的小编码器安装工艺有问题，建议更换为永济电机使用的大编码器（莱纳林德厂家）。
10.如果阵风引起，检查程序版本是否较旧。
11.检查叶片零位是否校正准确。
12.检查变频器测速版是否正常。",ABB.Pro程序PLC故障,安全链
14,SS-6震动传感器,发电机底部振动传感器回路触发,"1.检查发电机底部振动传感器及其回路。
2.检查机组实际振动。",ABB.Pro程序PLC故障,安全链
15,SS-7叶轮超速,叶轮转速突变或超过限制值,"1.检查NCC310-K228.6继电器触点至PLC之间的线路是否松动。
2.检查NCC310-K228.6继电器是否正常。",ABB.Pro程序PLC故障,安全链
16,SS-8看门狗,PLC主站A240.3:16收不到反馈信号,"1.如果NCC310柜门自动/手动 钥匙在手动位置，则服务模式下转速高于500rpm时会产生此故障。将自动/手动 钥匙转到自动即可。
2.检查NCC310-K246.1继电器是否工作正常。
3.如果与Err27、Err28同时报出，检查WTDI92/WTAI91上插头及线路是否松动或器件是否损坏。
4.如果与Err40、Err43、Err46同时报出，检查滑环上-X4通道6号线路上的电线连接及线路上的所有浪涌保护器，检查X4插头上7号线路是否正常接地。",ABB.Pro程序PLC故障,安全链
17,SS-9刹车位置,PLC主站A240.3:17收不到反馈信号,"1.检查制动器开/关传感器线路及液压油位是否正常。
2.检查继电器NCC310-K228.8是否正常。
3.检查继电器NCC310-K228.8至PLC E62.17端口的线路是否松动。",ABB.Pro程序PLC故障,安全链
18,SS-10超出工作位置,PLC主站A240.3:18收不到24Vdc反馈信号,"1.如果运行中报此故障，且服务模式下不能复位，检查PLC检测Err18故障的端口A240.3:18（ISafWorPos）是否有24Vdc反馈，如有反馈仍无法复位，更换PLC；如没有反馈，检查A240.3:18-浪涌-滑环X4:5-轮毂柜-限位开关-滑环X4:3-浪涌之间相关线路及器件问题。
2.如果运行中报此故障，且服务模式下能复位，检查SCADA（WPM）监控软件历史故障记录，如果故障基本都在1600rpm以上转速才报出，则滑环虚接可能性较大，反之变桨控制柜之间连接线缆问题较大（该电缆须用扎带固定好，不可出现甩动现象，否则轮毂转动时容易损坏）。如果滑环及变桨柜之间的线缆均正常，检查A240.3:18-浪涌-滑环X4:5-轮毂柜-限位开关-滑环X4:3-浪涌之间的其它线路是否虚接。
3.如果调试时报此故障且不能复位，检查故障回路线路是否接错或存在断点。
4.如果是更新程序或调试时，叶片每次变桨到同一角度且不论转速高低都报此故障，检查程序中变桨减速机的减速比是否选择正确。
5.如果校正变桨停止位置角度后(即：叶片零位)，每次变到同样的角度报此故障，检查叶片限位开关是否安装/调节正确，正常是变桨到-4度左右才触发限位开关。叶片停止角度大于88度的叶型，对应的限位开关挡片需要使用可调行程的挡片，且必须调到最大行程处。",ABB.Pro程序PLC故障,安全链
19,SS-11轮毂驱动,PLC主站A240.3-E63.08收不到反馈信号,"1.安全链回路监测Err19故障的PLC端口—浪涌F238.2-滑环-轮毂柜之间的相关线路是否断开或松动。
2.检查轮毂柜内接触器K21.3、 K31.3、 K41.3是否吸合，如未吸合检查线圈供电的230V-L、N回路线路是否正常。 
3.检查轮毂内控制柜之间的电缆是否固定良好（扎带固定好，不会来回甩动，否则容易导致高转速下频报故障）。                             ",ABB.Pro程序PLC故障,安全链
20,SS-12存储继电器不能复位,PLC主站A240.3-E63.09收不到反馈信号,"1.如果复位其他故障时产生，只需复位或间隔3-5s左右再复位即可。
2.如果单报此故障，检查24V继电器K246.2、K246.3是否正常，大多数情况只是线圈部分损坏，此时可单独换线圈，无需更换底座。
3.检查K246.2、K246.3至主PLC的E63.09端口线路是否正常。",ABB.Pro程序PLC故障,安全链
21,柜内24V保险,PLC主站A240.3-EA63.03（I24Fus1）收不到反馈信号,"1.检查NCC310柜内F228.2至A240.3-EA63.03（I24Fus1）的线路是否正常。
2.检查NCC310柜内F228.2保险是否有烧坏，如果烧坏检查保险下端是否存在接地点。",ABB.Pro程序PLC故障,控制柜
22,柜外24V保险,PLC从站A250.3-E62.08（I24Fus2）收不到反馈信号,"1.检查NCC310柜内F222.5至从站PLC A250.3-E62.08（I24Fus2）端口线路是否正常。
2.检查NCC310柜内F222.5保险是否有烧坏，如果烧坏，保险下端是否接地。
3.如果打雷引起NCC310柜内F222.5保险烧坏，重点检查制动器压力开关、凸轮编码器是否击穿，电源有无接地。
4.如果油泵启动瞬间烧坏F222.5保险，检查油过滤压力传感器是否正常。",ABB.Pro程序PLC故障,控制柜
23,变频器不在CAN总线上,状态机不在PLC停止状态、PLC初始化状态、PLC自检状态或变频器复位状态时，变频器与主PLC之前通讯中断。,"1.检查变频器至CAN-spider之间的光纤连接是否正常，CAN-spider（NCC310-A293.2）上通讯光纤正常有一个口有光。
2.检查CAN-spider至PLC之间的CAN通讯线及终端电阻是否正常。
3.检查变频器上电源板指示灯是否正常、变频器供电电源是否正常，如NCC310-F352.4熔丝、网侧接触器K340.4辅助触点是否正常。 
4.检查主站PLC的CAN-Open协议是否正常，下载PLC的CAN协议时需要PLC处于Stop模式（可以通过AC1131登入后点击Stop或将PLC右上方的拨码拨到Stop位置）。
5.如果与Err24等变频故障一起报出，检查变频器是否存在问题。",ABB.Pro程序PLC故障,变流器
24,变频器检测到故障,变频器检测到故障，具体原因参考变频器子故障,"1.检查变频器子故障，按照子故障做对应检查处理。
2.如果LSC启动时报此故障，且发出剧烈响声，伴随Crowbar管状电阻烧坏，需要检查定子接触器是否只给230VAC就吸合，正常是等同步合格后，给出24VDC控制信号，定子接触器才吸合（特别是更换定子接触器24V控制电路板后，注意拨码开关拨到需要拨到右边PLC控制侧）。
3.更换网侧接触器时，注意型号为230V的线圈。
4.检查网侧接触器吸合及反馈是否正常。
5.如果与Err29等同时报出，检查水冷滤波电阻及350A保险是否正常，如需更换水冷滤波板或滤波电阻，务必要均匀涂上导热硅胶，且固定螺丝必须拧紧，最好选用长度及螺纹一致的内六角螺丝固定。
6.如果并网后不久变频器状态跳到S60,之后又跳到同步检测状态，然后报Err159或Err24故障，检查发电机编码器及固定接线是否正常，此类情况，无法从SCADA监控软件或50ms Trace数据分辨异常转速。
7.如果与Err23同时报出，检查变频器是否正常。
8.如果测试变频器时烧滤波电阻，检查网侧电抗是否正常。",ABB.Pro程序PLC故障,变流器
25,变频器请求功率与实际功率不等,实测功率与变频器理论功率偏差过大；电流互感器接线错误。,"1.检查三相电网电流是否平衡。
2.检查显示的三相电网电流与实际值是否相符（钳流表测得单根150电缆上的电流为面板显示电网相电流的1/5左右）。
3.检查电流互感器至变频器之间的接线是否有问题、顺序是否正确,NCC300柜内电流互感器到变频器的接线为S1（1-cur-trans-b）接T170.6的K端口、S2（1-cur-trans-a）接-V308.2-J2的1#口；S1（2-cur-trans-b）接T170.6的K端口、S2（2-cur-trans-a）接T170.6的L端口；S1（3-cur-trans-b）接T170.6的K端口、S2（3-cur-trans-a）接-V308.2-J2的3#口。V308.2-J2的2#口和4#口接T170.6的L端口。V308.2-J2端子对应国通变频器位置为机侧变频器的P15端子，其中J2:1对应A+，J2:2对应A-，J2:3对应C+，J2:4对应C-。以上问题在PM3000S改国通时需特别注意。
4.如果功率时正时负波动大，检查发电机编码器及固定是否有问题。
5.超导变频器机组检查网侧变频器电流检测板，国通变频器机组检查机侧变频器电流检测板。
6.超导变频器机组更换网侧变频器，国通变频器机组更换机侧变频器。",ABB.Pro程序PLC故障,变流器
26,风速仪24V保险,数字量DI92模块A260.3-E10.00（I24Fus3）收不到反馈信号,1.检查是否有风速显示，如无风速，检查风速仪供电保险是否烧坏，保险在09年12月以后的图纸中已经改到4-5A，如保险烧坏，检查保险下端是否存在接地点，风速仪工作时使用钳流表测量保险流过的最大电流。如有风速，检查风速仪保险至A260.3-E10.00（I24Fus3）的反馈线路是否松动。,ABB.Pro程序PLC故障,控制柜
27,数字量模块不在总线,数字量DI92模块A260.3-E11.15（IDigLiv）收不到反馈信号,"1.检查数字量模块A260.3-E11.15（IDigLiv）端口供电是否正常。
2.检查数字量模块电源供电是否正常。
3.检查PLC A240.3-X5端口至数字量模块X1端口的CS31-bus通讯线路是否正常。",ABB.Pro程序PLC故障,控制柜
28,模拟量模块不在总线,PLC检测到模拟量模块CS31-Bus通讯故障。,"1.检查模拟量模块供电是否正常。
2.检查数字量模块X1端口至模拟量模块X1端口线路是否正常。
3.检查",ABB.Pro程序PLC故障,控制柜
29,网侧接触器690V保险,数字量DI92模块A260.3-E10.02（I690Fus）收不到反馈信号,"1.检查NCC300-F102.2/3/4至数字量DI92模块A260.3-E10.02（I690Fus）端口线路是否正常。（检查时需断开690V电源）。
2.检查NCC300柜内网侧350A保险（-F102.2/3/4）及反馈触点是否正常（检查时需断开690V电源）
3.如果350A保险烧坏，检查网侧接触器是否粘连或绝缘不够。检查滤波回路1欧姆电阻是否正常，如损坏，更换水冷滤波板或滤波电阻，务必要均匀涂上导热硅胶，且固定螺丝必须拧紧，最好选用长度及螺纹一致的内六角螺丝固定。（原先梅花螺丝不易拧紧）。检查350A保险后端器件及电缆绝缘性，如是否存在电缆表皮磨破等问题。
4.如果与Err24、23等同时报出，检查变频器IGBT是否击穿。",ABB.Pro程序PLC故障,控制柜
30,24V辅助电源保险,NCC310-F230.4至数字量模块A260.3-E10.01（I24Fus4）的24V反馈信号丢失,"1.检查F230.4至数字量模块A260.3-E10.01（I24Fus4）线路是否正常。
2.检查F230.4保险(2A)是否正常,若保险烧坏，检查保险后端是否接地。",ABB.Pro程序PLC故障,控制柜
31,变桨1通讯,变桨1变频器与PLC间通讯中断,"1.如有变桨子故障，参考变桨故障处理手册。
2.如果Lenze系统做Crowbar测试报，检查Crowbar测试时，24V电源是否下降很大（如：降到13V左右），导致变桨变频器电源瞬间供电不足。
3.如果一偏航就报，检查偏航启动时，变桨通讯线缆CAN—H与CAN—L间的电阻跳变，正常为120欧姆。如果跳变，分段检查问题产生点。
4.检查轮毂内控制柜之间的电缆是否固定良好（扎带固定好，不会来回甩动）。
5.检查PLC的CAN通讯接口到偏航变频器CAN口、变桨1变频器CAN之间的线路是否松动。
6.检查偏航变频器、变桨变频器CAN插头上的屏蔽线是否连接正常。",ABB.Pro程序PLC故障,看门狗
32,变桨2通讯,变桨2变频器与PLC间通讯中断,"1.如有变桨子故障，参考变桨故障处理手册。
2.如果Lenze系统做Crowbar测试报，检查Crowbar测试时，24V电源是否下降很大（如：降到13V左右），导致变桨变频器电源瞬间供电不足。
3.如果一偏航就报，检查偏航启动时，变桨通讯线缆CAN—H与CAN—L间的电阻跳变，正常为120欧姆。如果跳变，分段检查问题产生点。
4.检查轮毂内控制柜之间的电缆是否固定良好（扎带固定好，不会来回甩动）。
5.检查PLC的CAN通讯接口到偏航变频器CAN口、变桨1变频器CAN之间的线路是否松动。
6.检查偏航变频器、变桨变频器CAN插头上的屏蔽线是否连接正常。",ABB.Pro程序PLC故障,看门狗
33,变桨3通讯,变桨3变频器与PLC间通讯中断,"1.如有变桨子故障，参考变桨故障处理手册。
2.如果Lenze系统做Crowbar测试报，检查Crowbar测试时，24V电源是否下降很大（如：降到13V左右），导致变桨变频器电源瞬间供电不足。
3.如果一偏航就报，检查偏航启动时，变桨通讯线缆CAN—H与CAN—L间的电阻跳变，正常为120欧姆。如果跳变，分段检查问题产生点。
4.检查轮毂内控制柜之间的电缆是否固定良好（扎带固定好，不会来回甩动）。
5.检查PLC的CAN通讯接口到偏航变频器CAN口、变桨3变频器CAN之间的线路是否松动。
6.检查偏航变频器、变桨变频器CAN插头上的屏蔽线是否连接正常。",ABB.Pro程序PLC故障,看门狗
34,SS-2叶轮超速刹车,PLC主站A240.3-E63.10（ISafBraSpe）收不到反馈信号,"1.检查滑环是否固定良好、支撑杆是否松动、万向节活动是否灵活、与齿轮箱连接的支撑杆是否在齿轮箱侧加装30mm螺母。
2.检查滑环编码器到机舱控制柜、PLC端口间的接线是否松动。
3.检查制动器间隙是否正常、制动盘是否摩刹车片。
4.检查滑环编码器及其供电是否有问题。
5.检查轮毂超速继电器、设置值及接线是否正常。
6.检查超速继电器外接1k电阻是否正常（turck）。",ABB.Pro程序PLC故障,安全链
35,SS-3所有叶片错误,PLC主站A240.3-E63.11（ISafBraHub）收不到反馈信号,"1.检查PLC Err35故障检测端口（all 3 blades error）-浪涌-滑环-轮毂柜-滑环-浪涌回路线路及器件是否正常。 
2.检查轮毂柜内K25.7/K35.7/K45.7是否正常
3.检查轮毂内控制柜之间的电缆是否固定良好（扎带固定好，不会来回甩动）。",ABB.Pro程序PLC故障,安全链
36,SS-4刹车存储继电器,PLC主站A240.3-E63.12（ISafBraStr）收不到反馈信号,"1.检查制动器传感器安装位置是否正确（正确的为长杆在中间，图纸代号为S222.6；短杆在旁边且有附件杆，图纸代号为S222.7）。
2.检查S222.6/S222.7传感器到PLC之间的线路是否存在问题。
3.bachmann简版机组程序问题，更新PLC程序到C14.143 20120427之后版。
4.更换传感器或制动器",ABB.Pro程序PLC故障,安全链
37,预留,,,ABB.Pro程序PLC故障,
38,变桨1停止超时,桨叶在S3安全链停止状态中或S4正常停止状态中超时。,"1.检查是否卡桨，如是扭矩高导致卡桨，加注润滑油，若不是可以更新程序。
2.lenze系统报此故障可能电机刹车扭矩不够导致划桨产生，可以更新程序，如不管用，建议更换电机。
3.如果卡桨不能动弹，建议拆下变桨电机，手动盘变桨轴，看是否是减速机问题。",ABB.Pro程序PLC故障,变桨
39,变桨1寻找参考位置超时,"变桨在30秒内，找不到参考位置(b变桨一直在S7-Making reference
状态)","1.根据《1.5MW机组KEB变桨过电流等问题参数优化20120525.pdf方案》升级优化变桨参数。
2.更新PLC程序。
3.如果叶片卡死，手动变桨脱离卡死位置。                                    4.加注变桨润滑油。
5.拆下变桨电机，手动盘变桨轴。",ABB.Pro程序PLC故障,变桨
40,变桨1故障,电气元件损坏,"1.检查安全链回路浪涌保护器。
2.检查安全链回路继电器。
3.检查安全链回路线路连接，PLC 故障检测端口（storage relay）-浪涌-滑环-轮毂柜-滑环-浪涌回路线路及器件是否正常。
4.检查轮毂内控制柜之间的电缆是否固定良好（扎带固定好，不会来回甩动）。",ABB.Pro程序PLC故障,变桨
41,变桨2停止超时,桨叶在S3安全链停止状态中或S4正常停止状态中超时。,"1.检查是否卡桨，如是扭矩高导致卡桨，加注润滑油，若不是可以更新程序。
2.lenze系统报此故障可能电机刹车扭矩不够导致划桨产生，可以更新程序，如不管用，建议更换电机。
3.如果卡桨不能动弹，建议拆下变桨电机，手动盘变桨轴，看是否是减速机问题。",ABB.Pro程序PLC故障,变桨
42,变桨2寻找参考位置超时,"变桨在30秒内，找不到参考位置(b变桨一直在S7-Making reference
状态)","1.根据《1.5MW机组KEB变桨过电流等问题参数优化20120525.pdf方案》升级优化变桨参数。
2.更新PLC程序。
3.如果叶片卡死，手动变桨脱离卡死位置。                                    4.加注变桨润滑油。
5.拆下变桨电机，手动盘变桨轴。",ABB.Pro程序PLC故障,变桨
43,变桨2故障,电气元件损坏,"1.检查安全链回路浪涌保护器。
2.检查安全链回路继电器。
3.检查安全链回路线路连接，PLC 故障检测端口（storage relay）-浪涌-滑环-轮毂柜-滑环-浪涌回路线路及器件是否正常。
4.检查轮毂内控制柜之间的电缆是否固定良好（扎带固定好，不会来回甩动）。",ABB.Pro程序PLC故障,变桨
44,变桨3停止超时,桨叶在S3安全链停止状态中或S4正常停止状态中超时。,"1.检查是否卡桨，如是扭矩高导致卡桨，加注润滑油，若不是可以更新程序。
2.lenze系统报此故障可能电机刹车扭矩不够导致划桨产生，可以更新程序，如不管用，建议更换电机。
3.如果卡桨不能动弹，建议拆下变桨电机，手动盘变桨轴，看是否是减速机问题。",ABB.Pro程序PLC故障,变桨
45,变桨3寻找参考位置超时,"变桨在30秒内，找不到参考位置(b变桨一直在S7-Making reference
状态)","1.根据《1.5MW机组KEB变桨过电流等问题参数优化20120525.pdf方案》升级优化变桨参数。
2.更新PLC程序。
3.如果叶片卡死，手动变桨脱离卡死位置。                                    4.加注变桨润滑油。
5.拆下变桨电机，手动盘变桨轴。",ABB.Pro程序PLC故障,变桨
46,变桨3故障,电气元件损坏,"1.检查安全链回路浪涌保护器。
2.检查安全链回路继电器。
3.检查安全链回路线路连接，PLC 故障检测端口（storage relay）-浪涌-滑环-轮毂柜-滑环-浪涌回路线路及器件是否正常。
4.检查轮毂内控制柜之间的电缆是否固定良好（扎带固定好，不会来回甩动）。",ABB.Pro程序PLC故障,变桨
47,预留,,,ABB.Pro程序PLC故障,
48,变桨1连接服务盒,系统检测到变桨手动操作盒连接，此故障用于防止操作盒连接时机组误启机。,1.检查变桨1/2/3手动操作盒是否连接到变桨控制柜。,ABB.Pro程序PLC故障,
49,变桨1驱动错误,变桨驱动出问题，具体原因参考变桨子故障,"1.检查核对变桨子故障。
2.如果三个故障同时报，检查滑环是否有问题。
3.检查轮毂内控制柜之间的电缆是否固定良好（扎带固定好，不会来回甩动）。",ABB.Pro程序PLC故障,
50,预留,,,ABB.Pro程序PLC故障,
51,变桨2连接服务盒,系统检测到变桨手动操作盒连接，此故障用于防止操作盒连接时机组误启机。,1.检查变桨1/2/3手动操作盒是否连接到变桨控制柜。,ABB.Pro程序PLC故障,
52,变桨2驱动错误,变桨驱动出问题，具体原因参考变桨子故障,"1.检查核对变桨子故障。
2.如果三个故障同时报，检查滑环是否有问题。
3.检查轮毂内控制柜之间的电缆是否固定良好（扎带固定好，不会来回甩动）。",ABB.Pro程序PLC故障,
53,预留,,,ABB.Pro程序PLC故障,
54,变桨3连接服务盒,系统检测到变桨手动操作盒连接，此故障用于防止操作盒连接时机组误启机。,1.检查变桨1/2/3手动操作盒是否连接到变桨控制柜。,ABB.Pro程序PLC故障,
55,变桨3驱动错误,变桨驱动出问题，具体原因参考变桨子故障,"1.检查核对变桨子故障。
2.如果三个故障同时报，检查滑环是否有问题。
3.检查轮毂内控制柜之间的电缆是否固定良好（扎带固定好，不会来回甩动）。",ABB.Pro程序PLC故障,
56,变桨1位置滞后故障,PLC计算的变桨角度与实际变桨角度偏差2度超过1秒,"1.检查变桨轴承是否正常。
2.检查变桨变频器到变桨电机的电源线及连接。
3.检查变桨变频器到变桨电机的编码器线线及连接。",ABB.Pro程序PLC故障,
57,变桨2位置滞后故障,PLC计算的变桨角度与实际变桨角度偏差2度超过1秒,"1.检查变桨轴承是否正常。
2.检查变桨变频器到变桨电机的电源线及连接。
3.检查变桨变频器到变桨电机的编码器线线及连接。",ABB.Pro程序PLC故障,
58,变桨3位置滞后故障,PLC计算的变桨角度与实际变桨角度偏差2度超过1秒,"1.检查变桨轴承是否正常。
2.检查变桨变频器到变桨电机的电源线及连接。
3.检查变桨变频器到变桨电机的编码器线线及连接。",ABB.Pro程序PLC故障,
59,变桨位置慢速不同步,变桨在工作位置状态未限制角度时，三个桨叶角度偏差1度大于1秒,"1.更新PLC程序。
2.进行静态测试，反复手动变桨，通过控制面板观察三个叶片的变化角度，各个叶片的角度差是否大于1度。若是，可能滑环损坏。                                                           ",ABB.Pro程序PLC故障,
60,变桨位置快速不同步,变桨在工作位置状态未限制角度时，三个桨叶角度偏差1度大于0.5秒,"1.更新PLC程序。
2.进行静态测试，反复手动变桨，通过控制面板观察三个叶片的变化角度，各个叶片的角度差是否大于1度。若是，可能滑环损坏。",ABB.Pro程序PLC故障,
61,轮糓最大速度未设定成额定最大值,叶片回到顺桨位置的速到没到达到额定设置的最大值,"1.检查变桨轴承。
2.检查变桨减速机。",ABB.Pro程序PLC故障,
62,变桨1初始位置错误,变桨停止位置与实际停止参考角度误差大于0.1度,"1.加变桨油脂。
2.按照《1.5MW机组KEB变桨过电流等问题参数优化20120525.pdf》，检查变桨变频器参数。
3.检查变桨轴承。",ABB.Pro程序PLC故障,
63,变桨2初始位置错误,变桨停止位置与实际停止参考角度误差大于0.1度,"1.加变桨油脂。
2.按照《1.5MW机组KEB变桨过电流等问题参数优化20120525.pdf》，检查变桨变频器参数。
3.检查变桨轴承。",ABB.Pro程序PLC故障,
64,变桨3初始位置错误,变桨停止位置与实际停止参考角度误差大于0.1度,"1.加变桨油脂。
2.按照《1.5MW机组KEB变桨过电流等问题参数优化20120525.pdf》，检查变桨变频器参数。
3.检查变桨轴承。",ABB.Pro程序PLC故障,
65,在stop_ok状态变桨1接近开关未激活,变桨状态在S6时，接近开关反馈出错,"1.按照《1.5MW机组KEB变桨过电流等问题参数优化20120525.pdf》，检查变桨变频器参数。
2.如果叶片停在9点方向报此故障，可能是刹车未关闭导致，检查继电器K25.8/K35.8/K45.8是否正常。
3.检查是否划桨（特别是lenze电机），可能是变桨电机刹车扭矩不够导致划桨。                         ",ABB.Pro程序PLC故障,
66,在stop_ok状态变桨2接近开关未激活,变桨状态在S6时，接近开关反馈出错,"1.按照《1.5MW机组KEB变桨过电流等问题参数优化20120525.pdf》，检查变桨变频器参数。
2.如果叶片停在9点方向报此故障，可能是刹车未关闭导致，检查继电器K25.8/K35.8/K45.8是否正常。
3.检查是否划桨（特别是lenze电机），可能是变桨电机刹车扭矩不够导致划桨。                         ",ABB.Pro程序PLC故障,
67,在stop_ok状态变桨3接近开关未激活,变桨状态在S6时，接近开关反馈出错,"1.按照《1.5MW机组KEB变桨过电流等问题参数优化20120525.pdf》，检查变桨变频器参数。
2.如果叶片停在9点方向报此故障，可能是刹车未关闭导致，检查继电器K25.8/K35.8/K45.8是否正常。
3.检查是否划桨（特别是lenze电机），可能是变桨电机刹车扭矩不够导致划桨。                         ",ABB.Pro程序PLC故障,
68,在safety_ok状态变桨1接近开关未激活,变桨状态在S5时，接近开关反馈出错,"1.按照《1.5MW机组KEB变桨过电流等问题参数优化20120525.pdf》，检查变桨变频器参数。
2.如果叶片停在9点方向报此故障，可能是刹车未关闭导致，检查继电器K25.8/K35.8/K45.8是否正常。
3.检查是否划桨（特别是lenze电机），可能是变桨电机刹车扭矩不够导致划桨。                         ",ABB.Pro程序PLC故障,
69,在safety_ok状态变桨2接近开关未激活,变桨状态在S5时，接近开关反馈出错,"1.按照《1.5MW机组KEB变桨过电流等问题参数优化20120525.pdf》，检查变桨变频器参数。
2.如果叶片停在9点方向报此故障，可能是刹车未关闭导致，检查继电器K25.8/K35.8/K45.8是否正常。
3.检查是否划桨（特别是lenze电机），可能是变桨电机刹车扭矩不够导致划桨。                         ",ABB.Pro程序PLC故障,
70,在safety_ok状态变桨3接近开关未激活,变桨状态在S5时，接近开关反馈出错,"1.按照《1.5MW机组KEB变桨过电流等问题参数优化20120525.pdf》，检查变桨变频器参数。
2.如果叶片停在9点方向报此故障，可能是刹车未关闭导致，检查继电器K25.8/K35.8/K45.8是否正常。
3.检查是否划桨（特别是lenze电机），可能是变桨电机刹车扭矩不够导致划桨。                         ",ABB.Pro程序PLC故障,
71,高速时快速停止超时,PLC故障30S后，发电机转速大于1000rpm,"1.检查变桨扭矩。
2.检查变桨轴承润滑。
3.检查发电机转速。",ABB.Pro程序PLC故障,
72,低速时快速停止超时,PLC故障状态下发电机转速大于1000rpm限制超过30s,"1.检查变桨扭矩。
2.检查变桨轴承润滑。
3.检查发电机转速。",ABB.Pro程序PLC故障,
73,高速时完全停止超时, ---,"1.检查变桨扭矩。
2.检查变桨爱那个轴承润滑。",ABB.Pro程序PLC故障,
74,低速时完全停止超时, ---,同上,ABB.Pro程序PLC故障,
75,高速时安全链停止超时, ---,同上,ABB.Pro程序PLC故障,
76,低速时安全链停止超时, ---,同上,ABB.Pro程序PLC故障,
77,网侧变频器电流测量,网侧变频器电流测量问题,"1.手动测试Crowbar，看静态时lsccur是否小于50A，如果lsccur为300多安培，建议更换LSC。
2.如果lsccur在30-50A之间报故障，建议更换新版PLC程序。
3.变频器断电。
4.更换LSC。",ABB.Pro程序PLC故障,
78,机侧变频器电流测量,机侧变频器电流测量问题,"1.手动测试Crowbar，看静态时gsccur是否小于50A，如果gsccur为300多安培，建议更换GSC。
2.如果gsccur在30-50A之间报故障，建议更换新版PLC程序。
3.变频器断电
4.更换GSC",ABB.Pro程序PLC故障,
79,预充电时直流母线电压与电网电压差异过小,网侧电抗问题,"1.如果断开滤波回路125A保险后正常，检查滤波回路1欧电阻、0.1微法电容及其它器件。
2.如果断开滤波回路125A保险无效果，断开网侧变频器交流母排外接电缆后正常，检查网侧电抗是否有问题。

",ABB.Pro程序PLC故障,
80,预留,,,ABB.Pro程序PLC故障,
81,预留,,,ABB.Pro程序PLC故障,
82,轮毂速度波动超出故障极限,系统测得轮毂滑环编码器转速超过限值,1.检查滑环的固定，支撑杆应紧固，滑环在旋转方向上应能够轻微旋动。2.检查RotSpe1和RotSpe2信号，如有一路失真，则可能是滑环编码故障。3.检查turck继电器及接线是否正常。,ABB.Pro程序PLC故障,
83,变桨柜1过温,变桨变频器风扇损坏或变频器损坏,1.检查变桨变频器风扇。2.检查变桨变频器。,ABB.Pro程序PLC故障,
84,变桨柜2过温,变桨变频器风扇损坏或变频器损坏,1.检查变桨变频器风扇。2.检查变桨变频器。,ABB.Pro程序PLC故障,
85,变桨柜3过温,变桨变频器风扇损坏或变频器损坏,1.检查变桨变频器风扇。2.检查变桨变频器。,ABB.Pro程序PLC故障,
86,预留,,,ABB.Pro程序PLC故障,
87,预留,,,ABB.Pro程序PLC故障,
88,预留,,,ABB.Pro程序PLC故障,
89,预留,,,ABB.Pro程序PLC故障,
90,预留,,,ABB.Pro程序PLC故障,
91,旋转时齿轮箱无压力,转速大于100rpm时，齿轮箱油压小于0.5bar超过1min,1.检查齿轮箱油压传感器接线。2.检查油压传感器供电电源。3.检查油泵电机工作是否正常。4.检查程序中传感器选型（数字量/模拟量是否选错，OilPreSenDig为False时表示模拟量油压传感器，反之为数字量油压传感器）。5.数字量油压传感器设置方法：按住moder，然后给传感器通电。SP1:0.6； HY1:0.1； SP2:15；  HY2:0.5；s1:on；  s2:off；继续连续按几次moder至END。将NO改为YES。所有的设置均保存。油压传感器的连线图参见017. 0034.01A的X226.5。,ABB.Pro程序PLC故障,
92,未启动油泵时齿轮箱压力,线路接错或程序问题,1.检查油压传感器接线。2.如为数字量油压传感器，检查油压数字量油压传感器设置值。检查油压传感器显示屏显示值与控制面板显示值是否一致。3.检查程序中传感器选型（数字量/模拟量是否选错，OilPreSenDig为False时表示模拟量油压传感器，反之为数字量油压传感器）。,ABB.Pro程序PLC故障,
93,齿轮箱加热超时,齿轮箱加热时间超过6h,1.检查齿轮箱加热回路线路是否正常。2.检查齿轮箱加热器是否正常。,ABB.Pro程序PLC故障,
94,电池充电超时,蓄电池充电时间超过6h,1.检查电池充电回路线路。2.检查充电回路电阻阻值。3.检查充电回路继电器、接触器。4.检查电池实际电压在充电状态下是否上涨。,ABB.Pro程序PLC故障,
95,偏航超时,偏航状态大于7状态，偏航时间超过30min,1.检查偏航传感器线路。2.检查偏航左右极限位置是否在偏航角度小于600度时触发，若是，建议重调凸轮（调时电缆必须完全垂直），或者暂时在服务模式下往另一方向偏航180度以上。                                                        3.更换偏航传感器,ABB.Pro程序PLC故障,
96,叶轮转速信号不同,SpeRot1与SpeRot2之间差值大于100rpm超过1s,1.检查TRUCK超速继电器及其调节值是否正常。2.检查滑环编码器信号反馈是否正常。,ABB.Pro程序PLC故障,
97,速度继电器1电缆切断,A240.3-EW6.00接收到的叶轮转速1信号反馈小于4mA,1.检查B234.4 turck继电器到PLC的线路。2.检查B234.4 turck供电电源。3.更换B234.4 turck继电器,ABB.Pro程序PLC故障,
98,速度继电器2电缆切断,A240.3-EW6.01接收到的叶轮转速2信号反馈小于4mA,1.检查B234.6 turck继电器到PLC的线路。2.检查B234.6 turck供电电源。3.更换B234.6 turck继电器,ABB.Pro程序PLC故障,
99,预留,,,ABB.Pro程序PLC故障,
100,预留,,,ABB.Pro程序PLC故障,
101,预留,,,ABB.Pro程序PLC故障,
102,预留,,,ABB.Pro程序PLC故障,
103,NCC310柜急停按钮,NCC310柜急停按钮拍下或线路问题,1.检查NCC310柜急停按钮是否拍下。2.检查急停按钮反馈回路24Vdc是否正常。3.检查急停及急停反馈线路是否正常。,ABB.Pro程序PLC故障,
104,CTB300齿轮箱急停按钮,齿轮箱左右侧急停按钮拍下或线路问题,1.检查齿轮箱急停按钮是否拍下。2.检查急停按钮反馈回路24Vdc是否正常。3.检查急停及急停反馈线路是否正常。4.如果运行过程中与Err23、29、11、12、105、145同时报，检查变频器、350A保险、Crowbar管状电阻、定子接触器24V线圈等是否正常。,ABB.Pro程序PLC故障,
105,TBC100急停按钮,TBC100柜急停按钮拍下或线路问题,1.检查塔基柜急停按钮是否拍下。2.检查急停按钮反馈回路24Vdc是否正常。3.检查急停及急停反馈线路是否正常。4.如果运行过程中与Err23、29、11、12、105、145同时报，检查变频器、350A保险、Crowbar管状电阻、定子接触器24V线圈等是否正常。,ABB.Pro程序PLC故障,
106,机舱电池电压过高或者无连接,电池电压大于450V超过0.5s,1.检查电池电压测量回路电阻是否正常（220K±3K/4.7K±0.2K）。2.检查电池电压测量回路线路连接是否正常。3.检查电池电压测量回路电压/电流变送器是否正常。,ABB.Pro程序PLC故障,
107,高压变压器温度,系统检测到箱变温度低于-20度或高于155度,1.检查系统接收的箱变绕组温度信号是否使用100欧电阻替代，若是，检查电阻接线是否正常。若否，检查箱变实际反馈的信号是否正常。2.检查测温回路浪涌是否正常。,ABB.Pro程序PLC故障,
108,发电机U相温度高,发电机绕组温度小于-50或大于250度,1.检查发电机绕组测温PT100至PLC模块间线路。2.测量发电机绕组测温PT100阻值，0度时电阻为100欧左右，温度每上升1度，电阻值上升0.39欧。3.如果PT100损坏，改接线到备用PT100，如果同相绕组的2个PT100均损坏，联系发电机厂家解决。,ABB.Pro程序PLC故障,
109,发电机V相温度高,发电机绕组温度小于-50或大于250度,1.检查发电机绕组测温PT100至PLC模块间线路。2.测量发电机绕组测温PT100阻值，0度时电阻为100欧左右，温度每上升1度，电阻值上升0.39欧。3.如果PT100损坏，改接线到备用PT100，如果同相绕组的2个PT100均损坏，联系发电机厂家解决。,ABB.Pro程序PLC故障,
110,发电机W相温度高,发电机绕组温度小于-50或大于250度,1.检查发电机绕组测温PT100至PLC模块间线路。2.测量发电机绕组测温PT100阻值，0度时电阻为100欧左右，温度每上升1度，电阻值上升0.39欧。3.如果PT100损坏，改接线到备用PT100，如果同相绕组的2个PT100均损坏，联系发电机厂家解决。,ABB.Pro程序PLC故障,
111,发电机驱动侧轴承温度高,发电机驱动端轴承温度小于-50或大于250度,1.检查发电机驱动端轴承测温PT100至PLC模块间线路。2.测量发电机驱动端轴承测温PT100阻值，0度时电阻为100欧左右，温度每上升1度，电阻值上升0.39欧。3.如果PT100损坏，改接线到备用PT100，如果同相绕组的2个PT100均损坏，联系发电机厂家解决。,ABB.Pro程序PLC故障,
112,发电机非驱动侧轴承温度高,发电机非驱动端轴承温度小于-50或大于250度,1.检查发电机非驱动端轴承测温PT100至PLC模块间线路。2.测量发电机非驱动端轴承测温PT100阻值，0度时电阻为100欧左右，温度每上升1度，电阻值上升0.39欧。3.如果PT100损坏，改接线到备用PT100，如果同相绕组的2个PT100均损坏，联系发电机厂家解决。,ABB.Pro程序PLC故障,
113,齿轮箱轴承温度,齿轮箱轴承温度小于-50或大于250度,1.检查齿轮箱轴承测温PT100至PLC模块间线路。2.测量齿轮箱轴承测温PT100阻值，0度时电阻为100欧左右，温度每上升1度，电阻值上升0.39欧。3.如果PT100损坏，改接线到备用PT100（一个传感器内部有两组接线，代表两个PT），如果2个PT均损坏，更换PT。,ABB.Pro程序PLC故障,
114,齿轮箱油温,齿轮箱油温温度小于-50或大于250度,1.检查齿轮箱油温测温PT100至PLC模块间线路。2.测量齿轮箱油温测温PT100阻值，0度时电阻为100欧左右，温度每上升1度，电阻值上升0.39欧。3.如果PT100损坏，改接线到备用PT100（一个传感器内部有两组接线，代表两个PT），如果2个PT均损坏，更换PT。,ABB.Pro程序PLC故障,
115,机舱电池柜电压过低或者无连接,电池电压小于100V超过1s或电池电压小于330V超过20s,1.检查电池柜内空开及NCC310柜电池开关是否闭合。2.检查电池实际电压是否与显示电压一直。3.检查电池柜内每组电池电压是否差别很大。4.检查电池电压测量回路电阻是否正常（220K±3K/4.7K±0.2K）。5.检查电池电压测量回路线路连接是否正常。6.检查电池电压测量回路电压/电流变送器是否正常。7.检查电网断电后电池切出保护功能是否正常（停电时，ABB、bachmann简版机组延时5-10min切出，bachmann+PM3000W机组延时5mink210.5机械锁动作，延时15-20min机舱断电，延时30min塔基断电）。,ABB.Pro程序PLC故障,
116,机舱温度高,机舱温度大于55度,1.检查机舱测温PT100接线及阻值。2.检查机舱实际温度是否确实高，检查油冷扇热器帆布是否安装不好，导致热风吹到机舱内部。,ABB.Pro程序PLC故障,
117,机舱温度传感器故障,机舱温度小于-50度或大于250度,1.检查机舱测温PT100接线及阻值。,ABB.Pro程序PLC故障,
118,转子侧电感过温,机侧电抗温度大于155度,1.检查机侧电抗测温PT100是否正常。2.检查机侧电抗测温PT100至PLC模块间线路是否正常。3.检查水冷系统及NCC320柜内风扇是否正常。4.bachmann+PM3000W机组检查电抗上端风扇是否工作正常。,ABB.Pro程序PLC故障,
119,网侧变频器滤波器保险,滤波保险反馈出错,1.检查滤波回路保险及反馈信号是否正常。可能是1欧滤波电阻烧坏引起保险烧坏。更换滤波电阻时必须均匀涂抹导热硅胶，且固定螺丝必须拧紧（原先梅花螺丝不易拧紧，建议使用内六角螺丝紧固）。2.如果仅仅是反馈信号出问题，滤波保险正常，建议将该反馈信号去除（017[1].0034.02B版图纸开始已经不检测该反馈信号）。,ABB.Pro程序PLC故障,
120,未达到偏航额定转速,偏航速度低或偏航方向与给定方向不一致；偏航程序版本或偏航变频器问题,1.检查偏航传感器是否正常。2.检查偏航传感器内部编码器至PLC模块的接线及脉冲反馈是否正常。3.检查偏航功率是否过高，如果大于12kw，建议重调偏航力矩来减小偏航功率。4.检查偏航电机转向是否正常，服务模式下控制面板左转时，实际是否左转且机舱角度也递减。5.如果是Vacon偏航变频器机组，可能是偏航变频器程序问题，更新偏航变频器程序可解决。6.如果偏航变频器温度静止时为0，但一偏航就快速变到-1500度，更换偏航变频器。,ABB.Pro程序PLC故障,
121,环境温度高,环境温度大于50度,1.检查环境PT100及其线路是否正常。2.如果使用Thies风速仪测量环境温度，建议技改为外接PT测温。3.如果已经技改为外接PT测温，检查程序中是否设置为外接PT测温。,ABB.Pro程序PLC故障,
122,发电机温度高,发电机绕组最高温度大于155度,1.检查发电机三相绕组温度是否有高于155度，如有，检查对应项测温PT及线路。2.测量对应PT100阻值，0度时电阻为100欧左右，温度每上升1度，电阻值上升0.39欧。3.如果PT100损坏，改接线到备用PT100，如果备用PT也损坏，联系发电机厂家解决。,ABB.Pro程序PLC故障,
123,发电机轴承温度,发电机轴承温度大于110度,1.检查发电机轴承温度是否有高于110度，如有，检查对应测温PT及线路。2.测量对应PT100阻值，0度时电阻为100欧左右，温度每上升1度，电阻值上升0.39欧。3.如果PT100损坏，改接线到备用PT100，如果备用PT也损坏，联系发电机厂家解决。,ABB.Pro程序PLC故障,
124,齿轮箱油温,齿轮箱油温大于80度,1.检查油冷风扇电机是否接在高速侧，风扇转向是否正确（正常是往外抽风）。2.检查轴温PT100接线是否松动，测出的温度与实际温度是否相符。3.检查油温PT和轴温PT是否接反。4.测量轴温PT100阻值，0度时电阻为100欧左右，温度每上升1度，电阻值上升0.39欧。5.如果PT100损坏，改接到备用PT100，如果备用PT也损坏，更换PT。6.检查油冷部分，包括油冷风扇/管路/散热片，可通过手动启动风扇的方法判断其是否运行，手摸油管判断油是否流经散热片，如果油没有流经大循环，散热片接入油管温度会不高，可能是油冷泵的温控阀损坏，需更换温控阀。7.检查油冷散热片是否堵塞，灰层是否较多，若是，需及时清洗。8.如果油压很低，检查油过滤器滤芯是否有问题。,ABB.Pro程序PLC故障,
125,机舱控制柜温度,机舱控制柜温度大于65度,1.检查机舱控制柜NCC300-320温度是否有大于65的。2.机舱控制柜NCC300-320测温PT及接线是否正常。3.检查水冷系统是否正常。4.检查机舱控制柜内加热器是否一直工作，若是，检查温控开关及调节值是否正常（机舱控制柜内温控开关设定值在5-10度为宜，太低对电气元件工作不利，送电瞬间易烧坏电源等）。5.检查柜内风扇工作是否正常。6.检查柜内温控开关设定值及工作是否正常。,ABB.Pro程序PLC故障,
126,齿轮箱轴承温度,齿轮箱轴承温度大于95度,1.检查油冷风扇电机是否接在高速侧，风扇转向是否正确（正常是往外抽风）。2.检查油温PT100接线是否松动，测出的温度与实际温度是否相符。3.测量油温PT100阻值，0度时电阻为100欧左右，温度每上升1度，电阻值上升0.39欧。4.如果PT100损坏，改接到备用PT100，如果备用PT也损坏，更换PT。5.检查油冷部分，包括油冷风扇/管路/散热片，可通过手动启动风扇的方法判断其是否运行，手摸油管判断油是否流经散热片，如果油没有流经大循环，散热片接入油管温度会不高，可能是油冷泵的温控阀损坏，需更换油冷泵。 6.如果油压很低，检查油过滤器滤芯是否有问题。,ABB.Pro程序PLC故障,
127,刹车片磨损大于2mm,0,1.检查S222.6（安装在制动器中间位置的传感器）刹车报警传感器线路。2.检查S222.6传感器固定是否松动。3.检查刹车片是否磨损到需要更换。+H107,ABB.Pro程序PLC故障,
128,刹车泵无压力,PLC模块接收不到制动泵压力反馈,1.检查制动器液压油位、压力传感器供电及反馈信号2.将+NCC310柜门上开关打到手动，手动反复启动制动器，同时测量制动器反馈24VDC信号，制动器打开时，应有反馈24VDC信号。3.检查制动器压力开关反馈信号接线，通常为棕色线brown: +TB300-X222.3:3 / 蓝色线blue: +TB300-X222.3:2 / 黑色线black: +TB300-X222.3:4。有时候反馈线的延时不是黑色，可能是白色。4.如果雷雨天气导致，可能是压力开关受雷击损坏，建议更换并及时做好防雷技改和零地分离技改。5.更换防雷能力强的制动器压力传感器。,ABB.Pro程序PLC故障,
129,安全链没有检测到制动器关闭,机组手动/自动转换开关在自动档时，Ibra反馈为0V，但是ISafBraPos有24V。,1.检查PLC A240.3-E62.14 (ISafBraPos)端口是否有24Vdc信号反馈。2.检查k228.8继电器工作是否正常。3.检查制动器位置传感器S222.7至A240.3-E62.03 (IBra)端口线路是否松动。4.检查k246.1:11至k228.8:14间线路是否正常。,ABB.Pro程序PLC故障,
130,齿轮箱油位低,油位传感器信号触发或线路松动,"1.检查实际油位是否低（油温在20度左右时，油位处于油位计的红色标记范围或2/3处为宜，刚吊装机组建议：冬季加到2/3, 夏季加到4/5）。2.检查是否漏油、渗油。3.检查油位开关供电是否正常。4.检查油位开关至PLC模块间线路是否松动。5.如果不漏油且油温在35度以下报此故障，建议更新PLC程序。6.如果齿轮箱厂家为南高齿，可能是油位开关本身质量问题，建议更换新型油位计或联系厂家更换新型油位计。",ABB.Pro程序PLC故障,
131,齿轮箱油温大于90度,齿轮箱油温开关触发或线路松动,1.检查故障发生时实际油温、轴温是否大于90度。2.检查GB300-S226.3油温开关电源是否正常。3.检查GB300-S226.3油温开关至PLC模块IGeaTem端口线路是否松动。4.检查油温开关工作是否正常（小于90度时为常闭点）。,ABB.Pro程序PLC故障,
132,刹车泵断路器,制动泵电机保护空开（电机启动器）反馈信号错误,1.检查制动泵电机空开是否跳闸，如果跳闸，检查空开下端是否存在接地点（如：接触器损坏、线路接地、短路、制动泵电机损坏等）。2.检查制动泵电机保护空开反馈IBraPumFus是否正常，线路是否松动。,ABB.Pro程序PLC故障,
133,接地故障保护限制低,0,1.检查NCC300柜内母排电网电流互感器接线是否松动。        2.更换变频器后插头没插好或变频器损坏。3.电机转子绕组接地，发电机损坏。4.检查T170.6的24V供电及反馈到A240.3PLC的线路；5.检查定子接触器。,ABB.Pro程序PLC故障,
134,接地故障保护限制高,0,1.检查NCC300柜内母排电网电流互感器接线是否松动。        2.更换变频器后插头没插好或变频器损坏。3.电机转子绕组接地，发电机损坏。4.检查T170.6的24V供电及反馈到A240.3PLC的线路；5.检查定子接触器。,ABB.Pro程序PLC故障,
135,"电池检测失败三次,低电压",电池测试中高低负载电压偏差不符合要求,"1.检查电池电压测试电阻是否正常（2个100欧并联,R202.4和R202.5)。2.检查蓄电池柜温度是否低于5度，若是等待加热，如果温度不上升，检查电池柜内加热器工作是否正常。3.检查NCC310柜内K257.4/K212.2是否正常。4.检查NCC310柜内K212.4辅助触点是否正常。bachmann PM3000W机组电池测试接触器动作过程如下：快充--K210.5断开瞬间再吸合--K212.2吸合，再断开。",ABB.Pro程序PLC故障,
136,预留,,,ABB.Pro程序PLC故障,
137,接地故障保护信号切断,故障电流小于-10A,1.检查NCC310-A240.3-EW6.07/FaiCur)至故障电流互感器NCC300-T170.6之间的线路是否正常。2.检查故障电流互感器是否损坏（正常情况有4-20mA直流电流输出）。,ABB.Pro程序PLC故障,
138,停止时机舱位置变化,未偏航时，系统检测到机舱角度变化,1.MGM偏航电机正上方（外壳顶部）螺丝没有去除，导致偏航电机刹车一直处于打开状态。将MGM偏航电机上方螺丝去除即可。2.检查偏航电机刹车供电控制继电器K118.8触点是否一直处于导通状态，正常为偏航时线圈得电触点闭合、不偏航时线圈失电触点断开。3.检查凸轮开关固定及内部编码器固定是否松动。4.如果以上原因都排除，可能是接收凸轮编码器的plc或模块问题。,ABB.Pro程序PLC故障,
139,自动刹车调节,PLC接收的刹车自动调节信号丢失,1.检查PLC A240.3-E62.04 (IBraAdj)端口是否有24Vdc信号反馈。2.检查制动器位置传感器S222.7至A240.3-E62.04 (IBraAdj)端口线路是否松动。3.检查制动器位置传感器S222.7是否松动。4.检查S222.6与S222.7是否接反。5.检查刹车间隙是否满足要求。,ABB.Pro程序PLC故障,
140,机舱位置超出,急停未拍下时，解缆保护信号触发超过2s,1.如果故障不可复位，可能偏航凸轮开关设置或调节有误，偏航左、右极限位置的触发应先于解缆位置保护，即图纸中1、2号凸轮环应先于3号凸轮环触发。建议在电缆完全垂直状态下，重新调整偏航凸轮开关。2.如果故障可复位，检查偏航电机刹车反馈回路是否有接地，导致偏航变频器20号端子无24V输出。找到接地点，处理好即可。,ABB.Pro程序PLC故障,
141,偏航变频器保险丝,PLC模块检测到偏航变频器空开反馈信号丢失,1.检查偏航变频器空开F118.2是否断开。2.检查偏航变频器空开F118.2反馈信号至PLC是否松动。,ABB.Pro程序PLC故障,
142,保险或直流电源接地,系统检测到F200.2空开反馈信号丢失,1.检查F200.2空开是否断开或损坏，如果跳开，检查空开下端是否有接地点。2.检查F200.2空开反馈是否有问题。3.如果空开跳开，检查变桨变频器＋＋端口与PB间的制动电阻是否有问题。4.如果空开跳开，检查变桨控制柜间电源线是否有问题。5.如果空开跳开，检查蓄电池是否正常。,ABB.Pro程序PLC故障,
143,刹车打开位置未到达,系统检测不到刹车打开信号,1.检查S222.7传感器至PLC模块间线路是否松动。2.检查S222.7传感器是否正常。3.检查制动器间隙是否正常。,ABB.Pro程序PLC故障,
144,齿轮箱泵高速运行断路器,系统检测到Q112.4空开反馈信号丢失,1.检查Q112.4空开是否跳闸。2.如果Q112.4空开跳闸，检查空开下端是否存在接地点。3.检查油泵电机是否损坏、运行时是否有异常噪音。4.检查Q112.4空开调节值是否正确。5.如果因箱变高压侧跌落保险问题造成Q112.4空开跳闸，确认调节值无问题后，重新合上即可。,ABB.Pro程序PLC故障,
145,叶轮锁开关未设定在自动模式,系统检测到NCC310柜门自动/手动 钥匙在手动位置,1.检查NCC310柜门自动/手动 钥匙是否在手动位置，自动运行时需要转到自动位置。2.检查NCC310柜门自动/手动 钥匙是否工作正常。3.如果即将并网时伴随F230.6保险一起烧坏，检查定子接触器24V线圈回路对地电阻是否大于1KΩ。4.如果运行过程中与Err23、29、11、12、104、105同时报，检查变频器、350A保险、Crowbar管状电阻、定子接触器24V线圈等是否正常。,ABB.Pro程序PLC故障,
146,刹车阀故障,系统检测到制动泵频繁动作超过15s,1.检查制动器电池阀Y222.4供电是否正常。2.检查制动器电池阀Y222.4接线是否松动。3.检查制动器电池阀Y222.4是否损坏。,ABB.Pro程序PLC故障,
147,400V中断,系统检测到400V电源中断,1.检查机组400V外接电源是否正常，箱变400V是否跳闸。2.检查三相400V电源监视继电器是否正常。3.检查三相400V电源监视继电器至PLC测量模块间线路是否正常。4.检查三相400V多功能继电器调节值是否正确（bachmann+PM3000W机组）。5.检查是否与Err142同时报出，若是，按照Err142处理方案处理。,ABB.Pro程序PLC故障,
148,电池接地故障,系统检测到电池状态处于S7-BatStaEar状态（电池电压大于650V超过10s）,1.检查电池柜及电池电压充电、测量回路是否松动，是否存在接地点。2.检查电池电压测量测量回路电阻是否正常。（220K±3K/4.7K±0.2K）。3.检查电池电压测量回路电压/电流变送器是否正常。4.检查电池柜内电池是否存在鼓包、破损现象。5.检查电池柜内每组电池电压是否正常。6.检查电池放电保护继电器（k210.5）是否正常。7.检查电池放电保护继电器（k210.5）机械锁线圈对地阻值是否正常。,ABB.Pro程序PLC故障,
149,齿轮箱泵低速运行断路器,系统检测到Q112.2空开反馈信号丢失,1.检查Q112.2空开是否跳闸。2.如果Q112.2空开跳闸，检查空开下端是否存在接地点。3.检查油泵电机是否损坏、运行时是否有异常噪音。4.检查Q112.2空开调节值是否正确。5.如果因箱变高压侧跌落保险问题造成Q112.2空开跳闸，确认调节值无问题后，重新合上即可。,ABB.Pro程序PLC故障,
150,叶轮转速差异小,叶轮转速减去发电机转速<-200rpm超过500ms,1.检查超速继电器调节值是否正确，右边的1000与左边的1000是否调反，正常是右边调成1000。2.检查叶轮转速是否正常。3.检查发电机转速是否突变。4.检查SpeRot1、SpeRot2转速是否都正常。5.若为阵风引起，可能PLC程序版本较旧，更新PLC程序。,ABB.Pro程序PLC故障,
151,发电机转速差异过小,叶轮转速减去发电机转速>200rpm超过500ms,1.检查超速继电器设置，正确值为（以77叶轮直径机组turck继电器为例）1000MHz/4/6/90/0.5；                                                                    2.服务模式下，启动变桨观察Pitch及Converter菜单下轮毂、发电机转速值是否平稳。3.使用Rheintacho rotas超速继电器的机组，如果停机或启机偏航过程中报，检查滑环编码器脉冲信号反馈是否正常，如果信号受干扰，可以更换除O和O/外的其他脉冲信号。,ABB.Pro程序PLC故障,
152,严重超速,转速最大值超过2000rpm,1.检查turck/Rheintacho rotas超速继电器设置值是否正确。2.检查滑环编码器固定及反馈线路。3.检查发电机编码器反馈线路是否有问题。4.检查发电机编码器外壳对地是否绝缘（正常为绝缘，其信号屏蔽通过外接电缆屏蔽线实现）。5.检查发电机编码器及固定是否有问题，天元电机早期使用的小编码器安装工艺有问题，建议更换为永济电机使用的大编码器（莱纳林德厂家）。6.检查是否为阵风引起，若是，升级PLC程序。7.检查叶片零位是否校正准确。,ABB.Pro程序PLC故障,
153,轻微超速,转速最大值超过1980rpm,同上,ABB.Pro程序PLC故障,
154,齿轮箱高速泵无压力,高速泵启动后，齿轮油压小于0.5bar超过15s,1.检查油压传感器及线路是否松动。2.检查程序中油压传感器选型是否正确。3.数字量油压传感器检查传感器显示屏是否显示乱码。4.数字量油压传感器机组，运行油泵看油压传感器是否有油压显示，若无油压则可能油泵工作不正常，需检查泵（滤芯）、电机及油管阀门是否正常。5.检查油泵电机运行是否正常，是否有异常噪音或声音特别轻，如果声音特别轻，可能花键损坏。6.检查滤芯是否堵塞，是否有较多的杂物，如有检查齿轮箱是否正常。,ABB.Pro程序PLC故障,
155,电池检测电网掉电,系统检测到电池状态处于S0-BatStaDis（电池未连接）或S1-BatStaGri（电网掉电）状态,1.检查电池开关是否打开。2.检查电池电压及400V主电源是否正常。3.检查变桨通讯是否正常。4.如果机组在自检情况下报此故障，检查变桨SwiOffTor参数值是否在4000≤SwiOffTor≤4500。,ABB.Pro程序PLC故障,
156,机舱位置变化太小,机舱位置变化小于给定的60%,1.检查偏航传感器线路。2.检查偏航时角度反馈是否正常。3.检查偏航电机工作是否正常。4.更换偏航传感器或传感器内部编码器。5.如果雷击引起，可能凸轮内编码器损坏，检查更换编码器，并尽快做好防雷技改和零地分离技改。,ABB.Pro程序PLC故障,
157,电池测试时电压变化小,电池高低负荷测试时，电压偏差小于5V,1.检查电池测试电阻100Ω/200W（500W）是否损坏，如损坏更换测试电阻。2.检查电池柜温度是否正常（在5到40度之间），若异常，检查电池柜加热器及测温PT是否正常。3.检查电池测试回路线路及器件是否正常。4.检查电池测试过程各元器件动作是否正常，bachmann PM3000W机组电池测试接触器动作过程如下：快充--K210.5断开瞬间再吸合--K212.2吸合，再断开。5.检查电池是否损坏，每块电池电压是否正常（6块*12V/块*5组，单块电池电压通常在11.5V～13.5V左右）。6.ABB机组电池状态显示S3快充时，如果充电接触器不吸合，检查从plc59、60口是否输出24V信号，若不输出，检查24Vdc熔丝F240.5是否烧坏。,ABB.Pro程序PLC故障,
158,发电机信号检测到超速,发电机转速信号大于1970rpm,1.检查发电机编码器反馈线路是否有问题。2.检查发电机编码器外壳对地是否绝缘（正常为绝缘，其信号屏蔽通过外接电缆屏蔽线实现）。3.检查发电机编码器及固定是否有问题，天元电机早期使用的小编码器安装工艺有问题，建议更换为永济电机使用的大编码器（莱纳林德厂家）。4.检查是否为阵风引起，若是，升级PLC程序。5.检查叶片零位是否校正准确。,ABB.Pro程序PLC故障,
159,变频器不同步,线路虚接/变频器程序未刷新/发电机故障/机侧变频器损坏/机侧变频器到8A保险线路不通或保险损坏/发电机定、转子相序错误/并网开关的辅助触点损坏；并网开关的辅助触点没有吸合。,"1.检查电机选型、开口电压、励磁电流设置是否正确。2.示波器，检查同步时定子侧电压波形相位是否稳定，幅值与电网幅值是否相差大于200V，频率是否正常（正常为50Hz±2Hz）。如果相位不对，更换定子相序；如果频率不对，更换转子相序。3.检查发电机定转子绕组相间、对地阻值是否正常。4.检查定子接触器-K150.1线圈供电线路接线是否松动。5.静态测试变频器至S7-Syn时，如果Gsccur高达100多安（正常为30A），且三相不平衡，且更换发电机转子相序后效果一样。则为发电机转子问题。6.检查NCC300柜内发电机定子侧到8A保险到机侧变频器接线及插头是否松动，位置是否接对。7.检查定子侧8A保险是否正常。8.检查发电机编码器及固定是否正常。9.使用ABB定子断路器做并网开关机组，如果机组输出并网控制信号，检查控制信号到定子断路器的线路、器件及定子断路器本身是否正常（特别是定子断路器辅助触点是否正常）。10.使用ABB接触器做并网开关机组，检查接触器辅助触点及辅助触点反馈是否有问题。11.如果并网后不久变频器状态跳到S60,之后又跳到同步检测状态，然后报159或24号故障，检查发电机编码器及固定。",ABB.Pro程序PLC故障,
160,风速仪测量错误,风速显示为0m/s或时有时无,1.检查程序中风速仪选型是否正确。2.检查风速风向仪供电及反馈信号回路是否正常。3.升级PLC程序。4.检查thies风速仪风速风向仪参数配置是否正确（参数MA－03 DM－01 PC－00  TT－02  OR－100，修改完参数上电前需将风速仪外接的1、4号线短接）。5.检查thies风速仪AA、AB、AC这三个参数如果为00003，则需要改为00000（风速仪说明书中有介绍），否则可能会出现风速时有时无的问题。6.检查测风回路浪涌保护器是否正常。7.检查风速仪回路RS485转换模块及模块拨码是否正常（ABB机组）8.机械式风速仪检查反馈信号是否在4-20mA范围内。9.更换风速仪。,ABB.Pro程序PLC故障,
161,预留,,,ABB.Pro程序PLC故障,
162,连续9小时风速为0,风速显示为0m/s达9小时,1.ABBPLC机组重启从站PLC。2.检查PLC模块至风速仪间的通讯线路。3.检查风速仪转换模块。4.升级PLC程序。5.检查thies风速仪参数配置。6.更换风速仪。,ABB.Pro程序PLC故障,
163,风速仪通讯错误,PLC没有收到风速仪信号超过5s,参考Err160、162,ABB.Pro程序PLC故障,
164,电池温度PT100传感器,环境温度小于0度时，电池柜温度小于-50度或大于250度,1.检查电池柜温度传感器线路是否松动。2.检查电池柜PT100是否损坏。,ABB.Pro程序PLC故障,
165,电池温度过低,环境温度小于0度时，电池柜温度小于-15度,1.检查电池柜内加热器功能是否正常（正常为低于15度加热，高于20度停止加热），如加热器损坏，更换加热器。2.检查电池柜内加热器控制回路是否正常（如K257.7)。3.检查电池柜温度传感器线路是否松动。4.检查电池柜PT100是否损坏。5.按照技改方案，增加电池柜内加热器。,ABB.Pro程序PLC故障,
166,预留,,,ABB.Pro程序PLC故障,
167,standby和refresh状态电池电压过低,电池状态在S5-refresh或S6-standby状态下，电压低于345V超过10min,1.检查电池回路线路是否松动。2.检查电池电压测量回路电阻及线路是否正常。3.检查电池实际电压是否正常。,ABB.Pro程序PLC故障,
168,偏航变频器服务盒连接,系统检测到偏航操作盒连接,1.检查手动操作盒是否连接到偏航系统。2.检查偏航系统手动操作盒检测回路是否有问题。,ABB.Pro程序PLC故障,
169,功率消耗 > 30 KW,功率低于-30KW超过1min,1.检查变频器端子上电网电流测量互感器接线顺序。2.检查发电机转速ConSpe信号，如信号失真，有短时跳跃，则为发电机编码问题引起。需检查编码器固定、联轴器固定及编码器测量回路是否正常。3.更换编码器。4.天元电机使用的小编码器存在问题，建议更换为永济电机使用的莱纳林德编码器。,ABB.Pro程序PLC故障,
170,偏航变频器没有连接到CAN总线上,偏航变频器与PLC间CAN中断超过2s,1.检查偏航变频器与PLC模块间通讯线路是否有正常。2.ABB机组检查从站PLC CAN通讯配置是否正常。3.如果运行过程中频繁报此故障，且需给偏航变频器断电才能复位，可能偏航变频器的通讯板问题。,ABB.Pro程序PLC故障,
171,偏航时机舱位置无变化,偏航时机舱角度无变化超过4s,1.检查偏航传感器内部的编码器及接线。2.检查偏航传感器内部编码器电源及反馈是否正常。,ABB.Pro程序PLC故障,
172,偏航刹车230V保险,PLC检测不到F122.2空开反馈,1.检查偏航刹车空开F122.2是否跳开。2.检查偏航刹车空开F122.2反馈触点至PLC模块IYawBraFus端口线路是否有问题。,ABB.Pro程序PLC故障,
173,水泵断路器,水泵断路器反馈信号丢失,1.检查水泵断路器是否断开；2.检查水泵断路器反馈回路是否正常。,ABB.Pro程序PLC故障,
174,变频柜入水口水压阀断路器,水阀断路器反馈信号丢失,1.检查水阀断路器是否断开；2.检查水阀断路器反馈回路是否正常。,ABB.Pro程序PLC故障,
175,变桨刹车230V保险,变桨刹车空开反馈信号丢失,1.检查变桨电机刹车空开是否跳开，信号反馈是否正常。2.检查变桨电机制动线路回路，电缆是否固定好，是否甩断接地或短路。3.检查变桨柜内接触器-K21.3、-K31.3、-K41.3线圈阻值是否正常。,ABB.Pro程序PLC故障,
176,预留,,,ABB.Pro程序PLC故障,
177,预留,,,ABB.Pro程序PLC故障,
178,变频器CAN数据复用器不工作,变频器与PLC之间CAN通讯问题,1.检查变频器与PLC之间CAN通讯是否正常；2.检查变频子故障，根据子故障进一步处理。,ABB.Pro程序PLC故障,
179,碳刷监测:iBruMon输入口连续2天为低,碳刷监控信号触发,1.检查碳刷是否磨损严重导致监控信号触发，若是，必须更换碳刷；2.检查碳刷监控反馈信号回路是否松动。,ABB.Pro程序PLC故障,
180,FT - 风速仪测量错误,FT风速仪测量错误（风速小于20m/s延时10min，反之延时2min）,1.检查FT风速仪供电、接线是否正常；2.检查FT风速仪程序版本号是否正确；3.更换FT风速仪。,ABB.Pro程序PLC故障,
181,预留,,,ABB.Pro程序PLC故障,
182,预留,,,ABB.Pro程序PLC故障,
183,预留,,,ABB.Pro程序PLC故障,
184,预留,,,ABB.Pro程序PLC故障,
185,预留,,,ABB.Pro程序PLC故障,
186,预留,,,ABB.Pro程序PLC故障,
187,预留,,,ABB.Pro程序PLC故障,
188,预留,,,ABB.Pro程序PLC故障,
189,预留,,,ABB.Pro程序PLC故障,
190,预留,,,ABB.Pro程序PLC故障,
191,预留,,,ABB.Pro程序PLC故障,
192,预留,,,ABB.Pro程序PLC故障,
193,预留,,,ABB.Pro程序PLC故障,
194,预留,,,ABB.Pro程序PLC故障,
195,预留,,,ABB.Pro程序PLC故障,
196,预留,,,ABB.Pro程序PLC故障,
197,预留,,,ABB.Pro程序PLC故障,
198,预留,,,ABB.Pro程序PLC故障,
199,预留,,,ABB.Pro程序PLC故障,
200,预留,,,ABB.Pro程序PLC故障,
201,预留,,,ABB.Pro程序PLC故障,
202,预留,,,ABB.Pro程序PLC故障,
203,预留,,,ABB.Pro程序PLC故障,
204,自检:刹车时发电机转速,机组自检刹车关闭时，发电机转速不为零,1.检查编码器固定是否正常；2.检查自检时机械刹车是否能够完全制动；3.检查编码器外接电缆屏蔽线接地电阻是否小于0.3欧（PM1000机组）；4.检查编码器外壳对地电阻，正常为无穷大；5.检查编码器至变频器间通讯线及插头是否松动或工作异常；6.检查变频器测速版是否正常。7.检查发电机编码器及固定是否有问题，天元电机早期使用的小编码器安装工艺有问题，建议更换为永济电机使用的大编码器（莱纳林德厂家）。,ABB.Pro程序PLC故障,
205,自检:变频器Crowbar,机组在S10设置状态下，Crowbar测试反馈错误,1.检查crowbar到电机侧变频器的通讯光纤是否损坏（如：出现严重压痕等）；2.检查Crowbar单元线路是否松动；3.更换Crowbar控制器。,ABB.Pro程序PLC故障,
206,自检:变桨直流母线电压和电池电压的差异,自检时，变桨变频器母线电压与电池电压差值错误,1.检查变桨子故障；2.检查主电源断电时，电池电压是否波动很大。,ABB.Pro程序PLC故障,
207,自检:变桨运行到指定位置超时,自检时，在限定的时间内变桨没有到指定位置,1.检查变桨扭矩是否正常；2.检查是否有变桨子故障；3.使用手动变桨操作盒变桨，检查是否正常。,ABB.Pro程序PLC故障,
208,自检:打开安全链时桨叶未收回,自检安全链断开时，桨叶状态不为safety chain stopping或safety chain stopped,1.检查动作时间是否正常，如果刹车制动时间很慢，检查刹车液压油是否有问题，如是否用错液压油，把齿轮油当液压油使用。2.检查制动器传感器安装位置是否正确（正确的为长杆在中间，图纸代号为S222.6；短杆在旁边且有附件杆，图纸代号为S222.7）。3.bachmann简版机组程序问题，更新PLC程序到C14.143 20120427之后版。4.更换传感器或制动器,ABB.Pro程序PLC故障,
209,自检:刹车未闭合,自检安全链断开时，刹车闭合反馈信号错误超过2s,1.检查制动器传感器安装位置是否正确（正确的为长杆在中间，图纸代号为S222.6；短杆在旁边且有附件杆，图纸代号为S222.7）。2.检查刹车传感器反馈信号是否正常；3.检查刹车动作是否正常；4.bachmann简版机组程序问题，更新PLC程序到C14.143 20120427之后版。5.更换传感器或制动器,ABB.Pro程序PLC故障,
210,预留,,,ABB.Pro程序PLC故障,
211,自检:风速仪不准确,自检时发电机转速异常,1.检查发电机编码器固定是否正常；2.检查风速仪测风是否正常；3.检查叶轮锁是否被锁上；4.检查齿轮箱是否正常。,ABB.Pro程序PLC故障,
212,自检:桨叶未依靠电池收回,自检电网掉电10s后，变桨状态不等于HubStaSafCha或HubStaSafOk_或HubStaNo_Bat,1.检查变桨SwiOffTor参数值是否在4000≤SwiOffTor≤4500。2.检查蓄电池电量是否正常。,ABB.Pro程序PLC故障,
213,自检:电池未检测到电网掉电,自检电网掉电10s后，电池状态不等于BatStaGri,1.检查变桨电源控制接触器K210.2控制回路、反馈回路是否正常；,ABB.Pro程序PLC故障,
214,自检:轴承摩擦过高,自检时，变桨扭矩大于50Nm,1.检查变桨扭矩是否正常2.使用手动变桨操作盒变桨，检查是否正常。3.变桨轴承增加变桨润滑油。,ABB.Pro程序PLC故障,
215,UPS电池完全放电接触器,电池放电保护接触器K210.5错误,1.检查K210.5控制及反馈信号是否正常；2.如果PLC不输出控制信号控制K210.5吸合，且检查接触器下端并无接地、短路等问题，断电重新上电后能吸合，但不定时的还跳开，则建议检查电池柜内蓄电池，检查是否有烧焦痕迹或某组电池电压较低。,ABB.Pro程序PLC故障,
216,UPS电池测试接触器,PLC接收到电池测试反馈信号异常超过500ms，输出测试信号时无反馈或未输出测试信号时接收到反馈,1.检查电池测试接触器K212.2反馈线路是否正常；2.检查电池测试接触器K212.2控制回路是否正常；3.检查电池测试接触器K212.2是否正常。,ABB.Pro程序PLC故障,
217,UPS电池400V接触器1,PLC接收到电池充电反馈信号异常超过500ms，电池状态显示快充时，充电接触器1无反馈，或电池未显示快充时，充电接触器1有反馈。,1.检查电池测试接触器K212.4反馈线路是否正常；2.检查电池测试接触器K212.4控制回路是否正常；3.检查电池测试接触器K212.4是否正常；4.bachmann机组检查DIO280模块85号端口24Vdc电源接线是否正常。,ABB.Pro程序PLC故障,
218,UPS电池400V接触器2,PLC接收到电池充电反馈信号异常超过500ms，电池状态显示快充时，充电接触器2无反馈，或电池未显示快充时，充电接触器2有反馈。,1.检查电池测试接触器K212.6反馈线路是否正常；2.检查电池测试接触器K212.6控制回路是否正常；3.检查电池测试接触器K212.6是否正常；4.bachmann机组检查DIO280模块85号端口24Vdc电源接线是否正常。,ABB.Pro程序PLC故障,
219,500V直流电源接触器没关闭,变桨电源控制接触器K210.2反馈错误,1.检查变桨电源控制接触器K210.2控制回路、反馈回路是否正常；,ABB.Pro程序PLC故障,
220,柜子风扇保险,PLC检测到ICabFanFus反馈信号错误,1.ABB机组检查F134.2空开反馈信号是否正常；2.bachmann机组检查F215.1空开反馈信号是否正常。,ABB.Pro程序PLC故障,
221,接口继电器230V电源保险,主PLC检测到F136.2断开,1.检查F134.6空开及反馈信号是否正常。,ABB.Pro程序PLC故障,
222,滤波板温度,滤波板温度大于100度,1.检查水循环，包括水阀是否畅通，排气是否彻底，水压是否正常。2.如果水循环没有问题，检查滤波板中1欧姆电阻排布是否分散。3.检查PT100测温是否与实际温度一致。4.更换滤波板。,ABB.Pro程序PLC故障,
223,自动温控加热器保险,PLC检测到F134.6空开反馈信号错误,1.检查F136.6空开及反馈信号是否正常。,ABB.Pro程序PLC故障,
224,偏航变频器错误,偏航变频器检测到错误,1.检查偏航变频器子故障，参考偏航子故障处理手册。,ABB.Pro程序PLC故障,
225,刹车泵接触器,PLC检测到刹车泵接触器状态错误超过500ms，刹车泵启动信号给出时接触器没有反馈，或刹车泵启动信号未给出时接触器有反馈。,1.检查刹车泵接触器反馈回路是否有问题。2.检查刹车泵接触器控制回路是否有问题。3.检查刹车泵接触器是否正常。,ABB.Pro程序PLC故障,
226,塔基通讯故障,主PLC与塔基PLC通讯错误超过200ms,1.如果与Err233故障同时产生，可能问题出在主PLC，检查主PLC及通讯是否正常（如：IP地址、网线连接等）。2.如果与Err233故障同时产生，可以重启主PLC或给主PLC断电。3.检查塔基PLC供电是否正常。4.检查机舱到塔基的光纤是否正常，正常的光纤能够传输光线。5.检查塔基PLCIP地址是否正常。,ABB.Pro程序PLC故障,
227,预留,,,ABB.Pro程序PLC故障,
228,预留,,,ABB.Pro程序PLC故障,
229,变频器滤波器温度,网侧电抗温度大于155度,1.检查PT100测温与实际温度是否相符。2.检查PT100测温回路是否松动。3.如果温度确实高，检查NCC320柜内风扇及水冷循环是否正常。,ABB.Pro程序PLC故障,
230,齿轮箱风扇接触器,PLC检测到油冷风扇接触器状态错误超过500ms，油冷风扇启动信号给出时接触器没有反馈，或油冷风扇启动信号未给出时接触器有反馈。,1.检查油冷风扇接触器反馈回路是否有问题。2.检查油冷风扇接触器控制回路是否有问题。3.检查油冷风扇接触器是否正常。,ABB.Pro程序PLC故障,
231,水泵接触器,PLC检测到水泵接触器状态错误超过500ms，水泵启动信号给出时接触器没有反馈，或水泵启动信号未给出时接触器有反馈。,1.检查水泵接触器反馈回路是否有问题。2.检查水泵接触器控制回路是否有问题。3.检查水泵接触器是否正常。4.如果为国通变频器增加230VAC交流UPS机组，检查T134.6 UPS工作是否稳定。检查中间继电器中作是否稳定。,ABB.Pro程序PLC故障,
232,从站PLC检测到从站通讯错误,从站PLC自身检测到通讯错误,1.断电或重启从站PLC。2.如果从站PLC的FK1、FK2、FK3指示灯亮，断电或重启后不管用，更换PLC。3.检查从站PLC供电及PLC至交换机之间的网线连接是否正常。4.重新设定从站PLC的IP地址。5.更换从站PLC。,ABB.Pro程序PLC故障,
233,主站PLC检测到从站通讯错误,主站PLC检测到从站PLC错误超过200ms,1.如果与Err226故障同时产生，可能问题出在主PLC，检查主PLC及通讯是否正常（如：IP地址、网线连接等）。2.重启主PLC或给主PLC断电。3.检查从站PLC供电是否正常。4.检查从站PLC IP地址是否正常。5.检查从站PLC到交换机之间的网线是否正常。,ABB.Pro程序PLC故障,
234,齿轮箱低速泵接触器,PLC检测到齿轮箱低速泵接触器状态错误超过500ms，低速泵启动信号给出时接触器没有反馈，或启动信号未给出时接触器有反馈。,1.检查齿轮箱低速泵接触器反馈回路是否有问题。2.检查齿轮箱低速泵接触器控制回路是否有问题。3.检查齿轮箱低速泵接触器是否正常。,ABB.Pro程序PLC故障,
235,齿轮箱高速泵接触器,PLC检测到齿轮箱高速泵接触器状态错误超过500ms，高速泵启动信号给出时接触器没有反馈，或启动信号未给出时接触器有反馈。,1.检查齿轮箱高速泵接触器反馈回路是否有问题。2.检查齿轮箱高速泵接触器控制回路是否有问题。3.检查齿轮箱高速泵接触器是否正常。,ABB.Pro程序PLC故障,
236,AC驱动侧加速度传感器,驱动侧振动传感器反馈的加速度交流分量值超限,1.检查驱动侧振动传感器5V电源是否正常。2.检查驱动侧振动传感器外接线路及浪涌是否正常。3.检查实际振动是否较大，若是，检查叶片零位、发电机固定、齿轮箱是否正常。4.检查是否为干扰引起，若是，检查传感器外接线缆屏蔽是否正常。5.更换驱动侧振动传感器。6.更新PLC程序。,ABB.Pro程序PLC故障,
237,AC非驱动侧加速度传感器,非驱动侧振动传感器反馈的加速度交流分量值超限,1.检查非驱动侧振动传感器5V电源是否正常。2.检查非驱动侧振动传感器外接线路及浪涌是否正常。3.检查实际振动是否较大，若是，检查叶片零位、发电机固定、齿轮箱是否正常。4.检查是否为干扰引起，若是，检查传感器外接线缆屏蔽是否正常。5.更换非驱动侧振动传感器。6.更新PLC程序。,ABB.Pro程序PLC故障,
238,22kV 接地故障,非驱动侧振动传感器反馈的加速度交流分量值超限,1.检查非驱动侧振动传感器5V电源是否正常。2.检查非驱动侧振动传感器外接线路及浪涌是否正常。3.检查实际振动是否较大，若是，检查叶片零位、发电机固定、齿轮箱是否正常。4.检查是否为干扰引起，若是，检查传感器外接线缆屏蔽是否正常。5.更换非驱动侧振动传感器。6.更新PLC程序。,ABB.Pro程序PLC故障,
239,690V接地故障,非驱动侧振动传感器反馈的加速度交流分量值超限,1.检查非驱动侧振动传感器5V电源是否正常。2.检查非驱动侧振动传感器外接线路及浪涌是否正常。3.检查实际振动是否较大，若是，检查叶片零位、发电机固定、齿轮箱是否正常。4.检查是否为干扰引起，若是，检查传感器外接线缆屏蔽是否正常。5.更换非驱动侧振动传感器。6.更新PLC程序。,ABB.Pro程序PLC故障,
240,机舱烟雾传感器,烟雾传感器信号触发,1.检查烟雾传感器是否触发。2.检查烟雾传感器供电及外接线是否正常。,ABB.Pro程序PLC故障,
241,驱动链晃动,系统检测到机组驱动链晃动大,1.检查发电机转速信号是否波动。2.检查发电机编码器固定及外接线路是否正常。3.检查发电机编码器在外接线缆断开时，外壳对地是否绝缘。,ABB.Pro程序PLC故障,
242,塔筒驱动侧移动,PLC检测到驱动端振动传感器位移超过限制值,1.检查驱动侧振动传感器5V电源是否正常。2.检查驱动侧振动传感器外接线路及浪涌是否正常。3.检查实际振动是否较大，若是，检查叶片零位、发电机固定、齿轮箱是否正常。4.检查是否为干扰引起，若是，检查传感器外接线缆屏蔽是否正常。5.更换驱动侧振动传感器。6.更新PLC程序。,ABB.Pro程序PLC故障,
243,塔筒非驱动侧移动,PLC检测到非驱动端振动传感器位移超过限制值,1.检查非驱动侧振动传感器5V电源是否正常。2.检查非驱动侧振动传感器外接线路及浪涌是否正常。3.检查实际振动是否较大，若是，检查叶片零位、发电机固定、齿轮箱是否正常。4.检查是否为干扰引起，若是，检查传感器外接线缆屏蔽是否正常。5.更换非驱动侧振动传感器。6.更新PLC程序。,ABB.Pro程序PLC故障,
244,齿轮箱压力传感器,齿轮箱压力传感器测得压力≤-1bar,1.检查压力传感器在程序中选项是否正确。2.检查压力传感器外接线路是否松动。3.检查压力传感器电源是否正常。4.如果为数字量压力传感器，启动油泵时检查传感器显示屏显示与机组控制面板显示是否一致。5.更换压力传感器。,ABB.Pro程序PLC故障,
245,DC驱动侧加速度传感器,PLC检测到驱动端振动传感器加速度直流分量超过限制值,1.检查驱动侧振动传感器5V电源是否正常。2.检查驱动侧振动传感器外接线路及浪涌是否正常。3.检查实际振动是否较大，若是，检查叶片零位、发电机固定、齿轮箱是否正常。4.检查是否为干扰引起，若是，检查传感器外接线缆屏蔽是否正常。5.更换驱动侧振动传感器。6.更新PLC程序。,ABB.Pro程序PLC故障,
246,DC非驱动侧加速度传感器,PLC检测到非驱动端振动传感器加速度直流分量超过限制值,1.检查非驱动侧振动传感器5V电源是否正常。2.检查非驱动侧振动传感器外接线路及浪涌是否正常。3.检查实际振动是否较大，若是，检查叶片零位、发电机固定、齿轮箱是否正常。4.检查是否为干扰引起，若是，检查传感器外接线缆屏蔽是否正常。5.更换非驱动侧振动传感器。6.更新PLC程序。,ABB.Pro程序PLC故障,
247,1000秒内机舱晃动警告3次,PLC检测到振动传感器信号超过限制值,1.检查驱动、非驱动侧振动传感器5V电源是否正常。2.检查驱动、非驱动侧振动传感器外接线路及浪涌是否正常。3.检查实际振动是否较大，若是，检查叶片零位、发电机固定、齿轮箱是否正常。4.检查是否为干扰引起，若是，检查传感器外接线缆屏蔽是否正常。5.更换驱动、非驱动侧振动传感器。6.更新PLC程序。7.调整偏航大齿圈侧面轴承螺栓力矩,ABB.Pro程序PLC故障,
248,1分钟定子电流值过高,1分钟定子电流值滤波值超过1487A,1.更新PLC程序。2.PM1000变频器及PM3000变频器未低穿技改机组，重新写读变频器参数。3.更换变频器或变频器控制板。,ABB.Pro程序PLC故障,
249,1分钟总电流值过高,1分钟定子电流值滤波值超过1487A,1.更新PLC程序。2.PM1000变频器及PM3000变频器未低穿技改机组，重新写读变频器参数。3.更换变频器或变频器控制板。,ABB.Pro程序PLC故障,
250,偏航定位系统-左/右位被转换,机舱角度小于-900且左右位置显示“右”/ 机舱角度大于900且左右位置显示“左”，超时10s,1.检查凸轮左右极限位置开关、解缆保护开关是否正常，调节位置是否有很大误差。2.检查凸轮开关左右极限位置开关是否接反。3.检查电缆是否扭曲很大，若是需要偏航到电缆完全垂直后重新调节凸轮。4.如果KEB偏航变频器16号端口（ST）无24V反馈，此时将无法偏航。5.在电缆完全垂直状态重新调整凸轮，如果角度显示负数，调节4号凸轮环正好触发按钮，使面板显示机舱位置为“左”，然后向右偏航直到机舱位置变为“右”，此时角度就能自动变到±30度范围内；反之，调节4号凸轮环使其正好不触发按钮，使面板显示机舱位置为“右”，然后向左偏航直到机舱位置变为“左”，此时角度就能自动变到±30度范围内。,ABB.Pro程序PLC故障,
251,10分钟电网功率过高,10分钟滤波功率大于1580kw,1.更新PLC程序。2.PM1000变频器及PM3000变频器未低穿技改机组，重新写读变频器参数。3.更换变频器或变频器控制板。,ABB.Pro程序PLC故障,
252,1分钟电网功率过高,1分钟滤波功率大于1600kw,1.更新PLC程序。2.PM1000变频器及PM3000变频器未低穿技改机组，重新写读变频器参数。3.更换变频器或变频器控制板。,ABB.Pro程序PLC故障,
253,10秒电网功率过高,10秒钟滤波功率大于1680kw,1.更新PLC程序。2.PM1000变频器及PM3000变频器未低穿技改机组，重新写读变频器参数。3.更换变频器或变频器控制板。,ABB.Pro程序PLC故障,
254,偏航时偏航变频器功率低于错误值,偏航功率低,1.调整偏航螺栓力矩，夏天4-6kw；冬天6-8kw。,ABB.Pro程序PLC故障,
255,塔基烟雾传感器,,,ABB.Pro程序PLC故障,
