故障代码,故障信息,故障原因,解决方案,故障类型
1,SS-0保险断开,保险下端接地或绝缘不够,"1.检查F230.6保险下端是否接地，如有接地需先处理好接地问题。
2.检查浪涌保护器F238.7及F238.2是否接地。
3.如果即将并网报此故障且与Err145同时报，检查ABB定子接触器24V控制线圈对地电阻，正常为1kΩ以上，如果只有十几欧姆，则电路板损坏，需更换电路板。
4.如果与Err23、Err29等故障同时报出，检查变频器IGBT、变频器24V电源板、350A保险、8A保险、Crowbar管状放电电阻是否正常。",安全链
2,SS-1急停按扭按下,PLC接收不到组合继电器闭合反馈信号,"1.如果与Err210、Err211、Err212中的一个或多个同时报出，检查是否有急停按钮拍下或损坏。
2.如果单报Err2无法复位，检查急停及复位回路，寻找是否存在断点或线路松动问题。
3.检查急停复位线圈回路24V电压，如果低于20Vdc，则检查浪涌等器件是否正常，如绝缘异常、串电压等。
4.检查多功能继电器K230.3是否有问题。
5.若故障能够复位，但频繁发生，且以上原因都排除，则可采用排除法，将急停回路逐一短接，检查确定是否有线路或器件异常。",安全链
3,SS-2叶轮超速刹车,PLC主站A240.3-E63.10（ISafBraSpe）收不到反馈信号,"1.检查滑环是否固定良好、支撑杆是否松动、万向节活动是否灵活、与齿轮箱连接的支撑杆是否在齿轮箱侧加装30mm螺母。
2.检查滑环编码器到机舱控制柜、PLC端口间的接线是否松动。
3.检查制动器间隙是否正常、制动盘是否摩刹车片。
4.检查滑环编码器及其供电是否有问题。
5.检查轮毂超速继电器、设置值及接线是否正常。
6.检查超速继电器外接1k电阻是否正常（turck）。",安全链
4,SS-3三个变桨变频器均故障,PLC主站A240.3-E63.11（ISafBraHub）收不到反馈信号,"1.检查PLC Err35故障检测端口（all 3 blades error）-浪涌-滑环-轮毂柜-滑环-浪涌回路线路及器件是否正常。 
2.检查轮毂柜内K25.7/K35.7/K45.7是否正常
3.检查轮毂内控制柜之间的电缆是否固定良好（扎带固定好，不会来回甩动）。",安全链
5,SS-4刹车存储继电器未复位,PLC主站A240.3-E63.12（ISafBraStr）收不到反馈信号,"1.检查制动器传感器安装位置是否正确（正确的为长杆在中间，图纸代号为S222.6；短杆在旁边且有附件杆，图纸代号为S222.7）。
2.检查S222.6/S222.7传感器到PLC之间的线路是否存在问题。
3.bachmann简版机组程序问题，更新PLC程序到C14.143 20120427之后版。
4.更换传感器或制动器",安全链
6,SS-5发电机超速,系统检测到发电机超速,"1.检查编码器固定是否正常。
2.检查编码器外接电缆屏蔽线接地电阻是否小于0.3欧。
3.检查编码器至变频器间通讯线及插头是否松动或工作异常。
4.检查变频器到超速继电器及PLC之间的线路是否松动。
5.检查编码器供电电源是否稳定。
6.断开检查编码器外壳对地电阻，正常为无穷大。
7.检查发电机振动、噪音是否较大（如天元电机轴承不好引起噪音和振动，导致转速信号突变）。
8.检查发电机与齿轮箱之间的联轴器是否固定松动。
9.检查发电机编码器及固定是否有问题，天元电机早期使用的小编码器安装工艺有问题，建议更换为永济电机使用的大编码器（莱纳林德厂家）。
10.如果阵风引起，检查程序版本是否较旧。
11.检查叶片零位是否校正准确。
12.检查变频器测速版是否正常。",安全链
7,SS-6振动过大,发电机底部振动传感器回路触发,"1.检查发电机底部振动传感器及其回路。
2.检查机组实际振动。",安全链
8,SS-7轮毂超速,叶轮转速突变或超过限制值,"1.检查NCC310-K228.6继电器触点至PLC之间的线路是否松动。
2.检查NCC310-K228.6继电器是否正常。",安全链
9,SS-8看门狗故障,PLC主站A240.3:16收不到反馈信号,"1.如果NCC310柜门自动/手动 钥匙在手动位置，则服务模式下转速高于500rpm时会产生此故障。将自动/手动 钥匙转到自动即可。
2.检查NCC310-K246.1继电器是否工作正常。
3.如果与Err175同时报出，检查WTDI92/WTAI91上插头及线路是否松动或器件是否损坏。
4.如果与Err18、Err21、Err24同时报出，检查滑环上-X4通道6号线路上的电线连接及线路上的所有浪涌保护器，检查X4插头上7号线路是否正常接地。",安全链
10,SS-9刹车位置,PLC主站A240.3:17收不到反馈信号,"1.检查制动器开/关传感器线路及液压油位是否正常。
2.检查继电器NCC310-K228.8是否正常。
3.检查继电器NCC310-K228.8至PLC E62.17端口的线路是否松动。",安全链
11,SS-10桨叶超出工作位置,PLC主站A240.3:18收不到反馈信号,"1.检查PLC检测Err18故障的端口（working position）-浪涌-滑环-轮毂柜-限位开关-滑环-F238.2之间相关线路及器件是否有问题。
2.检查轮毂内控制柜之间的电缆是否固定良好（扎带固定好，不会来回甩动,否则容易导致高转速下频报故障）。
3.检查程序中变桨减速机的减速比是否选择正确。
4.检查叶片限位开关是否安装/调节正确，正常是变桨到-4度左右才触发限位开关。",安全链
12,SS-11轮毂驱动,PLC主站A240.3-E63.08收不到反馈信号,"1.安全链回路监测Err19故障的PLC端口—浪涌F238.2-滑环-轮毂柜之间的相关线路是否断开或松动。
2.检查轮毂柜内接触器K21.3、 K31.3、 K41.3是否吸合，如未吸合检查线圈供电的230V-L、N回路线路是否正常。 
3.检查轮毂内控制柜之间的电缆是否固定良好（扎带固定好，不会来回甩动，否则容易导致高转速下频报故障）。                             ",安全链
13,SS-12存储继电器未复位,PLC主站A240.3-E63.09收不到反馈信号,"1.如果复位其他故障时产生，只需复位或间隔3-5s左右再复位即可。
2.如果单报此故障，检查24V继电器K246.2、K246.3是否正常，大多数情况只是线圈部分损坏，此时可单独换线圈，无需更换底座。
3.检查K246.2、K246.3至主PLC的E63.09端口线路是否正常。",安全链
14,备用,备用,,安全链
15,备用,备用,,安全链
16,叶片1在安全链运行状态或停止状态超时,当叶片1在安全链运行状态或停止状态超过40s时，故障代码产生,"1.检查是否卡桨，如是扭矩高导致卡桨，加注润滑油，若不是可以更新程序。
2.lenze系统报此故障可能电机刹车扭矩不够导致划桨产生，可以更新程序，如不管用，建议更换电机。
3.如果卡桨不能动弹，建议拆下变桨电机，手动盘变桨轴，看是否是减速机问题。",轮毂
17,叶片1在参考位置状态超时,当叶片1在参考位置状态超过60s时，故障代码产生,"1.根据《1.5MW机组KEB变桨过电流等问题参数优化20120308.pdf方案》升级优化变桨参数。
2.更新PLC程序。
3.如果叶片卡死，手动变桨脱离卡死位置。                                    4.加注变桨润滑油。
5.拆下变桨电机，手动盘变桨轴。",轮毂
18,叶片1状态与安全链状态不一致,当安全链断开而叶片1未处于安全链运行状态，或安全链恢复而叶片1仍处于安全链运行状态时，故障代码产生,"1.检查安全链回路浪涌保护器。
2.检查安全链回路继电器。
3.检查安全链回路线路连接，PLC 故障检测端口（storage relay）-浪涌-滑环-轮毂柜-滑环-浪涌回路线路及器件是否正常。
4.检查轮毂内控制柜之间的电缆是否固定良好（扎带固定好，不会来回甩动）。",轮毂
19,叶片2在安全链运行状态或停止状态超时,当叶片2在安全链运行状态或停止状态超过40s时，故障代码产生,"1.检查是否卡桨，如是扭矩高导致卡桨，加注润滑油，若不是可以更新程序。
2.lenze系统报此故障可能电机刹车扭矩不够导致划桨产生，可以更新程序，如不管用，建议更换电机。
3.如果卡桨不能动弹，建议拆下变桨电机，手动盘变桨轴，看是否是减速机问题。",轮毂
20,叶片2参考位置状态超时,当叶片2在参考位置状态超过60s时，故障代码产生,"1.根据《1.5MW机组KEB变桨过电流等问题参数优化20120308.pdf方案》升级优化变桨参数。
2.更新PLC程序。
3.如果叶片卡死，手动变桨脱离卡死位置。                                    4.加注变桨润滑油。
5.拆下变桨电机，手动盘变桨轴。",轮毂
21,叶片2状态与安全链状态不一致,当安全链断开而叶片2未处于安全链运行状态，或安全链恢复而叶片2仍处于安全链运行状态时，故障代码产生,"1.检查安全链回路浪涌保护器。
2.检查安全链回路继电器。
3.检查安全链回路线路连接，PLC 故障检测端口（storage relay）-浪涌-滑环-轮毂柜-滑环-浪涌回路线路及器件是否正常。
4.检查轮毂内控制柜之间的电缆是否固定良好（扎带固定好，不会来回甩动）。",轮毂
22,叶片3在安全链运行状态或停止状态超时,当叶片3在安全链运行状态或停止状态超过40s时，故障代码产生,"1.检查是否卡桨，如是扭矩高导致卡桨，加注润滑油，若不是可以更新程序。
2.lenze系统报此故障可能电机刹车扭矩不够导致划桨产生，可以更新程序，如不管用，建议更换电机。
3.如果卡桨不能动弹，建议拆下变桨电机，手动盘变桨轴，看是否是减速机问题。",轮毂
23,叶片3参考位置状态超时,当叶片3在参考位置状态超过60s时，故障代码产生,"1.根据《1.5MW机组KEB变桨过电流等问题参数优化20120308.pdf方案》升级优化变桨参数。
2.更新PLC程序。
3.如果叶片卡死，手动变桨脱离卡死位置。                                    4.加注变桨润滑油。
5.拆下变桨电机，手动盘变桨轴。",轮毂
24,叶片3状态与安全链状态不一致,当安全链断开而叶片3未处于安全链运行状态，或安全链恢复而叶片3仍处于安全链运行状态时，故障代码产生,"1.检查安全链回路浪涌保护器。
2.检查安全链回路继电器。
3.检查安全链回路线路连接，PLC 故障检测端口（storage relay）-浪涌-滑环-轮毂柜-滑环-浪涌回路线路及器件是否正常。
4.检查轮毂内控制柜之间的电缆是否固定良好（扎带固定好，不会来回甩动）。",轮毂
25,叶片1连接上手操盒,当叶片1连接上手操盒时，故障代码产生,1.检查变桨1/2/3手动操作盒是否连接到变桨控制柜。,轮毂
26,叶片1处于故障状态,当叶片1处于故障状态时，故障代码产生,"1.检查核对变桨子故障。
2.如果三个故障同时报，检查滑环是否有问题。
3.检查轮毂内控制柜之间的电缆是否固定良好（扎带固定好，不会来回甩动）。",轮毂
27,叶片2连接上手操盒,当叶片2连接上手操盒时，故障代码产生,1.检查变桨1/2/3手动操作盒是否连接到变桨控制柜。,轮毂
28,叶片2处于故障状态,当叶片2处于故障状态时，故障代码产生,"1.检查核对变桨子故障。
2.如果三个故障同时报，检查滑环是否有问题。
3.检查轮毂内控制柜之间的电缆是否固定良好（扎带固定好，不会来回甩动）。",轮毂
29,叶片3连接上手操盒,当叶片3连接上手操盒时，故障代码产生,1.检查变桨1/2/3手动操作盒是否连接到变桨控制柜。,轮毂
30,叶片3处于故障状态,当叶片3处于故障状态时，故障代码产生,"1.检查核对变桨子故障。
2.如果三个故障同时报，检查滑环是否有问题。
3.检查轮毂内控制柜之间的电缆是否固定良好（扎带固定好，不会来回甩动）。",轮毂
31,叶片1位置偏差过大,当叶片1在位置控制状态，实际位置与给定位置偏差超过2°时，故障代码产生,"1.检查变桨轴承是否正常。
2.检查变桨变频器到变桨电机的电源线及连接。
3.检查变桨变频器到变桨电机的编码器线线及连接。",轮毂
32,叶片2位置偏差过大,当叶片2在位置控制状态，实际位置与给定位置偏差超过2°时，故障代码产生,"1.检查变桨轴承是否正常。
2.检查变桨变频器到变桨电机的电源线及连接。
3.检查变桨变频器到变桨电机的编码器线线及连接。",轮毂
33,叶片3位置偏差过大,当叶片3在位置控制状态，实际位置与给定位置偏差超过2°时，故障代码产生,"1.检查变桨轴承是否正常。
2.检查变桨变频器到变桨电机的电源线及连接。
3.检查变桨变频器到变桨电机的编码器线线及连接。",轮毂
34,3个叶片位置长时不同步,当3个叶片位置偏差最大值超过1度持续1s时，故障代码产生,"1.更新PLC程序。
2.进行静态测试，反复手动变桨，通过控制面板观察三个叶片的变化角度，各个叶片的角度差是否大于1度。若是，可能滑环损坏。                                                           ",轮毂
35,3个叶片位置短时不同步,当3个叶片位置偏差最大值超过1度持续0.5s时，故障代码产生,"1.更新PLC程序。
2.进行静态测试，反复手动变桨，通过控制面板观察三个叶片的变化角度，各个叶片的角度差是否大于1度。若是，可能滑环损坏。",轮毂
36,3个叶片变桨速度未设定为最大值,当3个叶片在位置控制状态，位置小于65°，而变桨速度未达到最大值9°/s时，故障代码产生,"1.检查变桨轴承。
2.检查变桨减速机。",轮毂
37,两个超速保护继电器测量值相差过大,当两个超速保护继电器测量的转速差异大于100rpm时，故障代码产生,"1.检查TRUCK超速继电器及其调节值是否正常。
2.检查滑环编码器信号反馈是否正常。                                                ",轮毂
38,超速保护继电器1电流信号过小,当超速保护继电器1电流信号过小时，认为测速回路开路，故障代码产生,"1.检查B234.4 turck继电器到PLC的线路。
2.检查B234.4 turck供电电源。
3.更换B234.4 turck继电器",轮毂
39,超速保护继电器2电流信号过小,当超速保护继电器2电流信号过小时，认为测速回路开路，故障代码产生,"1.检查B234.6 turck继电器到PLC的线路。
2.检查B234.6 turck供电电源。
3.更换B234.6 turck继电器",轮毂
40,变桨制动器保险熔断,当230V变桨制动器保险丝熔断时，副PLC的检测口E62.10为False，产生故障代码,"1.检查变桨电机刹车空开是否跳开，信号反馈是否正常。
2.检查变桨电机制动线路回路，电缆是否固定好，是否甩断接地或短路。
3.检查变桨柜内接触器-K21.3、-K31.3、-K41.3线圈阻值是否正常。",轮毂
41,三相整流桥交流侧接触器工作状态无反馈,当三相整流桥交流侧接触器断开时，副PLC检测口E63.08为False，故障代码产生,"1.检查变桨电机刹车空开是否跳开，信号反馈是否正常。
2.检查变桨电机制动线路回路，电缆是否固定好，是否甩断接地或短路。
3.检查变桨柜内接触器-K21.3、-K31.3、-K41.3线圈阻值是否正常。",轮毂
42,叶片1实际参考位置值与设定值偏差过大,当叶片1实际参考位置值与设定值偏差超过0.1°时，故障代码产生,"1.加变桨油脂。
2.按照《1.5MW机组KEB变桨过电流等问题参数优化20120308.pdf》，检查变桨变频器参数。
3.检查变桨轴承。",轮毂
43,叶片2实际参考位置值与设定值偏差过大,当叶片2实际参考位置值与设定值偏差超过0.1°时，故障代码产生,"1.加变桨油脂。
2.按照《1.5MW机组KEB变桨过电流等问题参数优化20120308.pdf》，检查变桨变频器参数。
3.检查变桨轴承。",轮毂
44,叶片3实际参考位置值与设定值偏差过大,当叶片3实际参考位置值与设定值偏差超过0.1°时，故障代码产生,"1.加变桨油脂。
2.按照《1.5MW机组KEB变桨过电流等问题参数优化20120308.pdf》，检查变桨变频器参数。
3.检查变桨轴承。",轮毂
45,叶片1处于停止完毕状态但接近开关未触发,当叶片1处于停止完毕状态，但接近开关未触发时，故障代码产生,"1.按照《1.5MW机组KEB变桨过电流等问题参数优化20120308.pdf》，检查变桨变频器参数。
2.如果叶片停在9点方向报此故障，可能是刹车未关闭导致，检查继电器K25.8/K35.8/K45.8是否正常。
3.检查是否划桨（特别是lenze电机），可能是变桨电机刹车扭矩不够导致划桨。                         ",轮毂
46,叶片2处于停止完毕状态但接近开关未触发,当叶片2处于停止完毕状态，但接近开关未触发时，故障代码产生,"1.按照《1.5MW机组KEB变桨过电流等问题参数优化20120308.pdf》，检查变桨变频器参数。
2.如果叶片停在9点方向报此故障，可能是刹车未关闭导致，检查继电器K25.8/K35.8/K45.8是否正常。
3.检查是否划桨（特别是lenze电机），可能是变桨电机刹车扭矩不够导致划桨。                         ",轮毂
47,叶片3处于停止完毕状态但接近开关未触发,当叶片3处于停止完毕状态，但接近开关未触发时，故障代码产生,"1.按照《1.5MW机组KEB变桨过电流等问题参数优化20120308.pdf》，检查变桨变频器参数。
2.如果叶片停在9点方向报此故障，可能是刹车未关闭导致，检查继电器K25.8/K35.8/K45.8是否正常。
3.检查是否划桨（特别是lenze电机），可能是变桨电机刹车扭矩不够导致划桨。                         ",轮毂
48,叶片1处于安全链恢复完毕状态但接近开关未触发,当叶片1处于安全链恢复完毕状态，但接近开关未触发时，故障代码产生,"1.按照《1.5MW机组KEB变桨过电流等问题参数优化20120308.pdf》，检查变桨变频器参数。
2.如果叶片停在9点方向报此故障，可能是刹车未关闭导致，检查继电器K25.8/K35.8/K45.8是否正常。
3.检查是否划桨（特别是lenze电机），可能是变桨电机刹车扭矩不够导致划桨。                             ",轮毂
49,叶片2处于安全链恢复完毕状态但接近开关未触发,当叶片2处于安全链恢复完毕状态，但接近开关未触发时，故障代码产生,"1.按照《1.5MW机组KEB变桨过电流等问题参数优化20120308.pdf》，检查变桨变频器参数。
2.如果叶片停在9点方向报此故障，可能是刹车未关闭导致，检查继电器K25.8/K35.8/K45.8是否正常。
3.检查是否划桨（特别是lenze电机），可能是变桨电机刹车扭矩不够导致划桨。                             ",轮毂
50,叶片3处于安全链恢复完毕状态但接近开关未触发,当叶片3处于安全链恢复完毕状态，但接近开关未触发时，故障代码产生,"1.按照《1.5MW机组KEB变桨过电流等问题参数优化20120308.pdf》，检查变桨变频器参数。
2.如果叶片停在9点方向报此故障，可能是刹车未关闭导致，检查继电器K25.8/K35.8/K45.8是否正常。
3.检查是否划桨（特别是lenze电机），可能是变桨电机刹车扭矩不够导致划桨。                             ",轮毂
51,变桨变频器1内部温度过高,当变桨变频器1内部温度过高时，故障代码产生,"1.检查变桨变频器风扇。
2.检查变桨变频器。",轮毂
52,变桨变频器2内部温度过高,当变桨变频器2内部温度过高时，故障代码产生,"1.检查变桨变频器风扇。
2.检查变桨变频器。",轮毂
53,变桨变频器3内部温度过高,当变桨变频器3内部温度过高时，故障代码产生,"1.检查变桨变频器风扇。
2.检查变桨变频器。",轮毂
54,备用,备用,,
55,备用,备用,,
56,备用,备用,,
57,备用,备用,,
58,备用,备用,,
59,备用,备用,,
60,备用,备用,,
61,备用,备用,,
62,备用,备用,,
63,备用,备用,,
64,刹车片磨损过大,当刹车片磨损大于2mm时，主PLC检测口E62.06为Fasle，故障代码产生,"1.检查S222.6（安装在制动器中间位置的传感器）刹车报警传感器线路。
2.检查S222.6传感器固定是否松动。
3.检查刹车片是否磨损到需要更换。
+H107",刹车
65,刹车泵开启但液压不足,当自动模式下，刹车泵断路器闭合而且刹车泵接触器吸合，刹车泵开启时，刹车泵液压开关仍断开，主PLC检测口E62.07为Fasle，故障代码产生,"1.检查制动器液压油位、压力传感器供电及反馈信号
2.将+NCC310柜门上开关打到手动，手动反复启动制动器，同时测量制动器反馈24VDC信号，制动器打开时，应有反馈24VDC信号。
3.检查制动器压力开关反馈信号接线，通常为棕色线brown: +TB300-X222.3:3 / 蓝色线blue: +TB300-X222.3:2 / 黑色线black: +TB300-X222.3:4。有时候反馈线的延时不是黑色，可能是白色。
4.如果雷雨天气导致，可能是压力开关受雷击损坏，建议更换并及时做好防雷技改和零地分离技改。
5.更换防雷能力强的制动器压力传感器。",刹车
66,刹车泵断路器工作状态无反馈,当刹车泵断路器断开或IO口保护熔断器熔断时，数字输入模块检测口E10.06为False，故障代码产生,"1.检查制动泵电机空开是否跳闸，如果跳闸，检查空开下端是否存在接地点（如：接触器损坏、线路接地、短路、制动泵电机损坏等）。
2.检查制动泵电机保护空开反馈IBraPumFus是否正常，线路是否松动。",刹车
67,刹车泵自动调节不足,当刹车自动调节不足时，主PLC检测口E62.04为False，故障代码产生,"1.检查PLC A240.3-E62.04 (IBraAdj)端口是否有24Vdc信号反馈。
2.检查制动器位置传感器S222.7至A240.3-E62.04 (IBraAdj)端口线路是否松动。
3.检查制动器位置传感器S222.7是否松动。
4.检查S222.6与S222.7是否接反。
5.检查刹车间隙是否满足要求。",刹车
68,刹车泵开启但刹车未释放,当自动模式下，刹车泵断路器闭合而且刹车泵接触器吸合，刹车泵开启时，刹车仍未释放，主PLC检测口E62.03为Fasle，故障代码产生,"1.检查S222.7传感器至PLC模块间线路是否松动。
2.检查S222.7传感器是否正常。
3.检查制动器间隙是否正常。",刹车
69,自动/手动开关未设定为自动模式,当PLC不在停止和服务状态，自动/手动开关未设定在自动模式时，副PLC检测口E62.14为Fasle，故障代码产生,"1.检查NCC310柜门自动/手动 钥匙是否在手动位置，自动运行时需要转到自动位置。
2.检查NCC310柜门自动/手动 钥匙是否工作正常。",刹车
70,刹车泵工作时间过长,当刹车泵工作时间过长时，故障代码产生,"1.检查制动器电池阀Y222.4供电是否正常。
2.检查制动器电池阀Y222.4接线是否松动。
3.检查制动器电池阀Y222.4是否损坏。",刹车
71,刹车泵控制信号与反馈信号不一致,当PLC不在停止和故障状态，自动模式下主PLC输出口A62.04的刹车泵控制信号与数字输入模块检测口E11.04的反馈信号不一致时，故障代码产生,"1.检查刹车泵接触器反馈回路是否有问题。
2.检查刹车泵接触器控制回路是否有问题。
3.检查刹车泵接触器是否正常。",刹车
72,变频器水泵控制信号与反馈信号不一致,当PLC不在停止和故障状态，主PLC输出口A62.12的变频器水泵控制信号与数字输入模块检测口E11.05的反馈信号不一致时，故障代码产生,"1.检查水泵断路器是否断开；
2.检查水泵断路器反馈回路是否正常。",刹车
73,备用,备用,,
74,备用,备用,,
75,备用,备用,,
76,备用,备用,,
77,备用,备用,,
78,备用,备用,,
79,备用,备用,,
80,功率变频器检测到故障,变频器检测到故障，具体原因参考变频器子故障,"1.检查变频器子故障，按照子故障做对应检查处理。
2.如果LSC启动时报此故障，且发出剧烈响声，伴随Crowbar管状电阻烧坏，需要检查定子接触器是否只给230VAC就吸合，正常是等同步合格后，给出24VDC控制信号，定子接触器才吸合（特别是更换定子接触器24V控制电路板后，注意拨码开关拨到需要拨到右边PLC控制侧）。
3.更换网侧接触器时，注意型号为230V的线圈。
4.检查网侧接触器吸合及反馈是否正常。
5.如果与Err167等同时报出，检查水冷滤波电阻及350A保险是否正常，如需更换水冷滤波板或滤波电阻，务必要均匀涂上导热硅胶，且固定螺丝必须拧紧，最好选用长度及螺纹一致的内六角螺丝固定。
6.如果并网后不久变频器状态跳到S60,之后又跳到同步检测状态，然后报Err202或Err80故障，检查发电机编码器及固定接线是否正常，此类情况，无法从SCADA监控软件或50ms Trace数据分辨异常转速。
7.如果与Err278同时报出，检查变频器是否正常。
8.如果测试变频器时烧滤波电阻，检查网侧电抗是否正常。",变流器
81,功率变频器检测到电网异常,变频器检测到电网过压、欠压、频率过高、频率过低或电压不平衡。,"1.查看变频器菜单中的子故障，判断具体原因。
2.查询风机监控软件记录的波形数据，检查故障时刻电网是否波动（如电压突变、频率突变或三相不平衡的情况）。如波动后又恢复正常，经业主同意后可直接复位启机并网；如波动后不能恢复正常，询问业主电网是否存在未解决的问题。
3.如果电网实际电压正常，但风机显示的电网电压异常，检查变频器测量电网电压回路的线路及器件是否松动或异常（如：网侧8A/16A保险是否损坏）。",变流器
82,功率测量错误,实测功率与变频器理论功率偏差过大；电流互感器接线错误。,"1.检查三相电网电流是否平衡。
2.检查显示的三相电网电流与实际值是否相符（钳流表测得单根150电缆上的电流为面板显示电网相电流的1/5左右）。
3.检查电流互感器至变频器之间的接线是否有问题、顺序是否正确,NCC300柜内电流互感器到变频器的接线为S1（1-cur-trans-b）接T170.6的K端口、S2（1-cur-trans-a）接-V308.2-J2的1#口；S1（2-cur-trans-b）接T170.6的K端口、S2（2-cur-trans-a）接T170.6的L端口；S1（3-cur-trans-b）接T170.6的K端口、S2（3-cur-trans-a）接-V308.2-J2的3#口。V308.2-J2的2#口和4#口接T170.6的L端口。V308.2-J2端子对应国通变频器位置为机侧变频器的P15端子，其中J2:1对应A+，J2:2对应A-，J2:3对应C+，J2:4对应C-。以上问题在PM3000S改国通时需特别注意。
4.如果功率时正时负波动大，检查发电机编码器及固定是否有问题。
5.超导变频器机组检查网侧变频器电流检测板，国通变频器机组检查机侧变频器电流检测板。
6.超导变频器机组更换网侧变频器，国通变频器机组更换机侧变频器。",变流器
83,有功功率10s滤波值过高,当变频器测得有功功率10s滤波功率值大于设定值时，产生故障代码,"1.更新PLC程序。
2.PM1000变频器及PM3000变频器未低穿技改机组，重新写读变频器参数。
3.更换变频器或变频器控制板。",变流器
84,有功功率1min滤波值过高,当变频器测得有功功率1min滤波值大于设定值时，产生故障代码,"1.更新PLC程序。
2.PM1000变频器及PM3000变频器未低穿技改机组，重新写读变频器参数。
3.更换变频器或变频器控制板。",变流器
85,有功功率10min滤波值过高,当变频器测得有功功率10min滤波值大于设定值时，产生故障代码,"1.更新PLC程序。
2.PM1000变频器及PM3000变频器未低穿技改机组，重新写读变频器参数。
3.更换变频器或变频器控制板。",变流器
86,总电流1min滤波值过高,当变频器测得总电流1min滤波值大于设定值时，产生故障代码,"1.更新PLC程序。
2.PM1000变频器及PM3000变频器未低穿技改机组，重新写读变频器参数。
3.更换变频器或变频器控制板。",变流器
87,定子电流1min滤波值过高,当变频器测得定子电流1min滤波值大于设定值时，产生故障代码,"1.更新PLC程序。
2.PM1000变频器及PM3000变频器未低穿技改机组，重新写读变频器参数。
3.更换变频器或变频器控制板。",变流器
88,定子断路器分断超时,当定子断路器分断超时时，产生故障代码,"1.检查定子断路器是否确实断开超时。
2.检查定子断路器分闸信号线路及继电器是否存在问题。",变流器
89,TBC110断路器分断超时,当TBC110断路器分断超时时，产生故障代码,"1.检查TBC110断路器是否确实断开超时。
2.检查TBC110断路器分闸信号线路是否存在问题。",变流器
90,TBC110断路器输入与输出不一致,当TBC110断路器输入与输出不一致时，产生故障代码,1.检查TBC110断路器是否在系统未输出断开信号时异常断开或输出断开信号后未断开。,变流器
91,箱变断路器分断超时,当箱变断路器分断超时时，产生故障代码,"1.检查箱变断路器是否确实断开超时。
2.检查箱变断路器分闸信号线路是否存在问题。",变流器
92,箱变断路器输入与输出不一致,当箱变断路器输入与输出不一致时。产生故障代码,1.检查箱变断路器是否在系统未输出断开信号时异常断开或输出断开信号后未断开。,变流器
93,备用,备用,,
94,备用,备用,,
95,备用,备用,,
96,驱动侧加速度传感器AC分量超限,当驱动侧加速度传感器测量的AC分量超限时，故障代码产生,"1.检查驱动侧振动传感器5V电源是否正常。
2.检查驱动侧振动传感器外接线路及浪涌是否正常。
3.检查实际振动是否较大，若是，检查叶片零位、发电机固定、齿轮箱是否正常。
4.检查是否为干扰引起，若是，检查传感器外接线缆屏蔽是否正常。
5.更换驱动侧振动传感器。
6.更新PLC程序。",振动
97,非驱动侧加速度传感器AC分量超限,当非驱动侧加速度传感器测量的AC分量超限时，故障代码产生,"1.检查非驱动侧振动传感器5V电源是否正常。
2.检查非驱动侧振动传感器外接线路及浪涌是否正常。
3.检查实际振动是否较大，若是，检查叶片零位、发电机固定、齿轮箱是否正常。
4.检查是否为干扰引起，若是，检查传感器外接线缆屏蔽是否正常。
5.更换非驱动侧振动传感器。
6.更新PLC程序。",振动
98,驱动链摆动,当驱动链摆动超限时，故障代码产生,"1.检查发电机转速信号是否波动。
2.检查发电机编码器固定及外接线路是否正常。
3.检查发电机编码器在外接线缆断开时，外壳对地是否绝缘。",振动
99,塔筒驱动侧摆动偏移量超限,当塔筒驱动侧摆动超限时，故障代码产生,"1.检查驱动侧振动传感器5V电源是否正常。
2.检查驱动侧振动传感器外接线路及浪涌是否正常。
3.检查实际振动是否较大，若是，检查叶片零位、发电机固定、齿轮箱是否正常。
4.检查是否为干扰引起，若是，检查传感器外接线缆屏蔽是否正常。
5.更换驱动侧振动传感器。
6.更新PLC程序。",振动
100,塔筒非驱动侧摆动偏移量超限,当塔筒非驱动侧摆动超限时，故障代码产生,"1.检查非驱动侧振动传感器5V电源是否正常。
2.检查非驱动侧振动传感器外接线路及浪涌是否正常。
3.检查实际振动是否较大，若是，检查叶片零位、发电机固定、齿轮箱是否正常。
4.检查是否为干扰引起，若是，检查传感器外接线缆屏蔽是否正常。
5.更换非驱动侧振动传感器。
6.更新PLC程序。",振动
101,驱动侧加速度传感器DC分量超限,当驱动侧加速度传感器测量的DC分量超限时，故障代码产生,"1.检查驱动侧振动传感器5V电源是否正常。
2.检查驱动侧振动传感器外接线路及浪涌是否正常。
3.检查实际振动是否较大，若是，检查叶片零位、发电机固定、齿轮箱是否正常。
4.检查是否为干扰引起，若是，检查传感器外接线缆屏蔽是否正常。
5.更换驱动侧振动传感器。
6.更新PLC程序。",振动
102,非驱动侧加速度传感器DC分量超限,当非驱动侧加速度传感器测量的DC分量超限时，故障代码产生,"1.检查非驱动侧振动传感器5V电源是否正常。
2.检查非驱动侧振动传感器外接线路及浪涌是否正常。
3.检查实际振动是否较大，若是，检查叶片零位、发电机固定、齿轮箱是否正常。
4.检查是否为干扰引起，若是，检查传感器外接线缆屏蔽是否正常。
5.更换非驱动侧振动传感器。
6.更新PLC程序。",振动
103,塔筒摆动剧烈,当塔筒驱动侧或非驱动侧摆动偏移量超过设定值75%，持续时间超过600s时，故障代码产生,"1.检查驱动、非驱动侧振动传感器5V电源是否正常。
2.检查驱动、非驱动侧振动传感器外接线路及浪涌是否正常。
3.检查实际振动是否较大，若是，检查叶片零位、发电机固定、齿轮箱是否正常。
4.检查是否为干扰引起，若是，检查传感器外接线缆屏蔽是否正常。
5.更换驱动、非驱动侧振动传感器。
6.更新PLC程序。
7.调整偏航大齿圈侧面轴承螺栓力矩",振动
104,备用,备用,,
105,备用,备用,,
106,备用,备用,,
107,备用,备用,,
108,备用,备用,,
109,备用,备用,,
110,备用,备用,,
111,备用,备用,,
112,齿轮箱油压过低,当发电机转速高于100转，齿轮箱油冷泵低速模式开启，而油压小于0.5bar时，故障代码产生,"1.检查压力传感器在程序中选项是否正确。
2.检查压力传感器外接线路是否松动。
3.检查压力传感器电源是否正常。
4.如果为数字量压力传感器，启动油泵时检查传感器显示屏显示与机组控制面板显示是否一致。
5.更换压力传感器。",齿轮箱
113,齿轮箱油冷泵高低速模式均未开启,当齿轮箱油压高于0.5bar持续300s，而主PLC输出口A62.09和A62.10油冷泵低速和高速模式的控制信号均为False时，故障代码产生,"1.检查油压传感器接线。
2.如为数字量油压传感器，检查油压数字量油压传感器设置值。检查油压传感器显示屏显示值与控制面板显示值是否一致。
3.检查程序中传感器选型（数字量/模拟量是否选错，OilPreSenDig为False时表示模拟量油压传感器，反之为数字量油压传感器）。",齿轮箱
114,齿轮箱加热时间超时,当齿轮箱的加热时间超过6小时，故障代码产生,"1.检查齿轮箱加热回路线路是否正常。
2.检查齿轮箱加热器是否正常。",齿轮箱
115,齿轮箱轴承温度传感器回路故障,当齿轮箱轴承处温度传感器接线短路或断路时，故障代码产生,"1.检查齿轮箱加热回路线路是否正常。
2.检查齿轮箱加热器是否正常。",齿轮箱
116,齿轮箱油温传感器回路故障,当齿轮箱油温度传感器接线短路或断路时，故障代码产生,"1.检查齿轮箱加热回路线路是否正常。
2.检查齿轮箱加热器是否正常。",齿轮箱
117,齿轮箱油温过高1,当齿轮箱油温高于80℃时，故障代码产生,"1.检查齿轮箱油温测温PT100至PLC模块间线路。
2.测量齿轮箱油温测温PT100阻值，0度时电阻为100欧左右，温度每上升1度，电阻值上升0.39欧。
3.如果PT100损坏，改接线到备用PT100（一个传感器内部有两组接线，代表两个PT），如果2个PT均损坏，更换PT。",齿轮箱
118,齿轮箱轴承温度过高,当齿轮箱轴承温度高于95℃时，故障代码产生,"1.检查油冷风扇电机是否接在高速侧，风扇转向是否正确（正常是往外抽风）。
2.检查油温PT100接线是否松动，测出的温度与实际温度是否相符。
3.测量油温PT100阻值，0度时电阻为100欧左右，温度每上升1度，电阻值上升0.39欧。
4.如果PT100损坏，改接到备用PT100，如果备用PT也损坏，更换PT。
5.检查油冷部分，包括油冷风扇/管路/散热片，可通过手动启动风扇的方法判断其是否运行，手摸油管判断油是否流经散热片，如果油没有流经大循环，散热片接入油管温度会不高，可能是油冷泵的温控阀损坏，需更换油冷泵。 6.如果油压很低，检查油过滤器滤芯是否有问题。",齿轮箱
119,齿轮箱油位过低,当齿轮箱油位过低时，液位开关断开，主PLC检测端口E63.13为False，故障代码产生,"1.检查实际油位是否低（油温在20度左右时，油位处于油位计的红色标记范围或2/3处为宜，刚吊装机组建议：冬季加到2/3, 夏季加到4/5）。
2.检查是否漏油、渗油。
3.检查油位开关供电是否正常。
4.检查油位开关至PLC模块间线路是否松动。
5.如果不漏油且油温在35度以下报此故障，建议更新PLC程序。
6.如果齿轮箱厂家为南高齿，可能是油位开关本身质量问题，建议更换新型油位计或联系厂家更换新型油位计。",齿轮箱
120,齿轮箱油温过高2,当齿轮箱油温高于90℃时，温度开关断开，主PLC检测端口E63.14为False，故障代码产生,"1.检查故障发生时实际油温、轴温是否大于90度。
2.检查GB300-S226.3油温开关电源是否正常。
3.检查GB300-S226.3油温开关至PLC模块IGeaTem端口线路是否松动。
4.检查油温开关工作是否正常（小于90度时为常闭点）。",齿轮箱
121,齿轮箱油冷泵高速模式断路器工作状态无反馈,当齿轮箱油冷泵高速模式断路器断开或IO口保护熔断器熔断时，数字输入模块检测口E10.04为False，故障代码产生,"1.检查Q112.4空开是否跳闸。
2.如果Q112.4空开跳闸，检查空开下端是否存在接地点。
3.检查油泵电机是否损坏、运行时是否有异常噪音。
4.检查Q112.4空开调节值是否正确。
5.如果因箱变高压侧跌落保险问题造成Q112.4空开跳闸，确认调节值无问题后，重新合上即可。",齿轮箱
122,齿轮箱油冷泵低速模式断路器工作状态无反馈,当齿轮箱油冷泵低速模式断路器断开或IO口保护熔断器熔断时，数字输入模块检测口E10.03为False，故障代码产生,"1.检查Q112.2空开是否跳闸。
2.如果Q112.2空开跳闸，检查空开下端是否存在接地点。
3.检查油泵电机是否损坏、运行时是否有异常噪音。
4.检查Q112.2空开调节值是否正确。
5.如果因箱变高压侧跌落保险问题造成Q112.2空开跳闸，确认调节值无问题后，重新合上即可。",齿轮箱
123,齿轮箱油冷泵高速模式开启而油压偏低,当三相电压未掉电且主PLC输出端口A62.10为True，高速模式开启，而实际油压小于0.5bar时，故障代码产生,"1.检查油压传感器及线路是否松动。
2.检查程序中油压传感器选型是否正确。
3.数字量油压传感器检查传感器显示屏是否显示乱码。
4.数字量油压传感器机组，运行油泵看油压传感器是否有油压显示，若无油压则可能油泵工作不正常，需检查泵（滤芯）、电机及油管阀门是否正常。
5.检查油泵电机运行是否正常，是否有异常噪音或声音特别轻，如果声音特别轻，可能花键损坏。
6.检查滤芯是否堵塞，是否有较多的杂物，如有检查齿轮箱是否正常。",齿轮箱
124,齿轮箱油冷风扇控制信号和反馈信号不一致,当PLC不在停止和故障状态，主PLC输出口A62.11的油冷风扇控制信号与数字输入模块检测口E11.03的反馈信号不一致时，故障代码产生,"1.检查油冷风扇接触器反馈回路是否有问题。
2.检查油冷风扇接触器控制回路是否有问题。
3.检查油冷风扇接触器是否正常。",齿轮箱
125,齿轮箱油冷泵低速模式控制信号和反馈信号不一致,当在自动模式下，PLC不在停止和故障状态，主PLC输出口A62.09的油冷泵低速模式控制信号与数字输入模块检测口E11.01的反馈信号不一致时，故障代码产生,"1.检查齿轮箱低速泵接触器反馈回路是否有问题。
2.检查齿轮箱低速泵接触器控制回路是否有问题。
3.检查齿轮箱低速泵接触器是否正常。",齿轮箱
126,齿轮箱油冷泵高速模式控制信号和反馈信号不一致,当在自动模式下，PLC不在停止和故障状态，主PLC输出口A62.10的油冷泵高速模式控制信号与数字输入模块检测口E11.02的反馈信号不一致时，故障代码产生,"1.检查齿轮箱高速泵接触器反馈回路是否有问题。
2.检查齿轮箱高速泵接触器控制回路是否有问题。
3.检查齿轮箱高速泵接触器是否正常。",齿轮箱
127,齿轮箱油压计损坏,油压计读书低于-1bar,检查齿轮箱油压计,齿轮箱
128,发电机温度过高,当发电机温度高于155℃时，故障代码产生,"1.检查发电机三相绕组温度是否有高于155度，如有，检查对应项测温PT及线路。
2.测量对应PT100阻值，0度时电阻为100欧左右，温度每上升1度，电阻值上升0.39欧。
3.如果PT100损坏，改接线到备用PT100，如果备用PT也损坏，联系发电机厂家解决。",发电机
129,发电机轴承温过高,当发电机轴承温度高于110℃时，故障代码产生,"1.检查发电机轴承温度是否有高于110度，如有，检查对应测温PT及线路。
2.测量对应PT100阻值，0度时电阻为100欧左右，温度每上升1度，电阻值上升0.39欧。
3.如果PT100损坏，改接线到备用PT100，如果备用PT也损坏，联系发电机厂家解决。",发电机
130,发电机转子侧电抗器温度过高,当发电机转子侧电抗器温度高于155℃时，故障代码产生,"1.检查机侧电抗测温PT100是否正常。
2.检查机侧电抗测温PT100至PLC模块间线路是否正常。
3.检查水冷系统及NCC320柜内风扇是否正常。
4.bachmann+PM3000W机组检查电抗上端风扇是否工作正常。",发电机
131,发电机碳刷故障,当发电机碳刷状态检测口数字输入模块E11.12为False超过48小时，故障代码产生,"1.检查碳刷是否磨损严重导致监控信号触发，若是，必须更换碳刷；
2.检查碳刷监控反馈信号回路是否松动。",发电机
132,发电机绕组U相PT断线,PT断线,发电机定子接线盒,发电机
133,发电机绕组V相PT断线,PT断线,发电机定子接线盒,发电机
134,发电机绕组W相PT断线,PT断线,发电机定子接线盒,发电机
135,发电机轴承驱动侧PT断线,PT断线,发电机定子接线盒,发电机
136,发电机轴承非驱动侧PT断线,PT断线,发电机定子接线盒,发电机
137,备用,备用,,
138,备用,备用,,
139,备用,备用,,
140,备用,备用,,
141,备用,备用,,
142,备用,备用,,
143,备用,备用,,
144,电池快充时间过长,当电池快充时间超过6小时，故障代码产生,"1.检查电池充电回路线路。
2.检查充电回路电阻阻值。
3.检查充电回路继电器、接触器。
4.检查电池实际电压在充电状态下是否上涨。",电池
145,电池电压过高,当电池电压高于450V的持续时间超过500ms时，故障代码产生,"1.检查电池电压测量回路电阻是否正常（220K±3K/4.7K±0.2K）。
2.检查电池电压测量回路线路连接是否正常。
3.检查电池电压测量回路电压/电流变送器是否正常。",电池
146,电池电压过低,当电池电压低于100V的持续时间超过1秒或低于330V的持续时间超过20秒时，故障代码产生,"1.检查电池回路线路是否松动。
2.检查电池电压测量回路电阻及线路是否正常。
3.检查电池实际电压是否正常。",电池
147,电池连续三次放电测试不满足要求,当电池连续进行三次大电流放电和小电流放电测试，电压差均小于5V时，故障代码产生,"1.检查电池电压测试电阻是否正常（2个100欧并联,R202.4和R202.5)。
2.检查蓄电池柜温度是否低于5度，若是等待加热，如果温度不上升，检查电池柜内加热器工作是否正常。
3.检查NCC310柜内K257.4/K212.2是否正常。
4.检查NCC310柜内K212.4辅助触点是否正常。
bachmann PM3000W机组电池测试接触器动作过程如下：
快充--K210.5断开瞬间再吸合--K212.2吸合，再断开。",电池
148,电池地线接地不良,当3个变桨变频器直流母排电压的中间值超过650V时，电池地线接地不良，故障代码产生,"1.检查电池柜及电池电压充电、测量回路是否松动，是否存在接地点。
2.检查电池电压测量测量回路电阻是否正常。（220K±3K/4.7K±0.2K）。
3.检查电池电压测量回路电压/电流变送器是否正常。
4.检查电池柜内电池是否存在鼓包、破损现象。
5.检查电池柜内每组电池电压是否正常。
6.检查电池放电保护继电器（k210.5）是否正常。
7.检查电池放电保护继电器（k210.5）机械锁线圈对地阻值是否正常。",电池
149,电池检测电网掉电,当电池检测到电网掉电时，故障代码产生,"1.检查电池柜及电池电压充电、测量回路是否松动，是否存在接地点。
2.检查电池电压测量测量回路电阻是否正常。（220K±3K/4.7K±0.2K）。
3.检查电池电压测量回路电压/电流变送器是否正常。
4.检查电池柜内电池是否存在鼓包、破损现象。
5.检查电池柜内每组电池电压是否正常。
6.检查电池放电保护继电器（k210.5）是否正常。
7.检查电池放电保护继电器（k210.5）机械锁线圈对地阻值是否正常。",电池
150,电池大电流放电和小电流放电测试差异过小,当电池大电流放电后再小电流放电，两次放电终止电压相差小于5V，故障代码产生,"1.检查电池测试电阻100Ω/200W（500W）是否损坏，如损坏更换测试电阻。
2.检查电池柜温度是否正常（在5到40度之间），若异常，检查电池柜加热器及测温PT是否正常。
3.检查电池测试回路线路及器件是否正常。
4.检查电池测试过程各元器件动作是否正常，bachmann PM3000W机组电池测试接触器动作过程如下：快充--K210.5断开瞬间再吸合--K212.2吸合，再断开。
5.检查电池是否损坏，每块电池电压是否正常（6块*12V/块*5组，单块电池电压通常在11.5V～13.5V左右）。
6.ABB机组电池状态显示S3快充时，如果充电接触器不吸合，检查从plc59、60口是否输出24V信号，若不输出，检查24Vdc熔丝F240.5是否烧坏。",电池
151,电池柜温度传感器回路故障,当环境温度小于0℃，电池柜温度传感器短路或断路时，故障代码产生，,"1.检查电池柜温度传感器线路是否松动。
2.检查电池柜PT100是否损坏。",电池
152,电池柜内温度过低,当电池柜内温度低于-5℃时，故障代码产生,"1.检查电池柜内加热器功能是否正常（正常为低于15度加热，高于20度停止加热），如加热器损坏，更换加热器。
2.检查电池柜内加热器控制回路是否正常（如K257.7)。
3.检查电池柜温度传感器线路是否松动。
4.检查电池柜PT100是否损坏。
5.按照技改方案，增加电池柜内加热器。",电池
153,电池在就绪或慢充状态下电池实际电压过低,当电池在就绪或慢充状态，但电池实际电压比经过温度补偿计算所得的电压下限值小5V，故障代码产生,"1.检查电池柜内加热器功能是否正常（正常为低于15度加热，高于20度停止加热），如加热器损坏，更换加热器。
2.检查电池柜内加热器控制回路是否正常（如K257.7)。
3.检查电池柜温度传感器线路是否松动。
4.检查电池柜PT100是否损坏。
5.按照技改方案，增加电池柜内加热器。",电池
154,电池放电保护接触器工作状态无反馈,当PLC不在停止和故障状态，电池不在测试状态，电池放电保护接触器断开时，副PLC的检测口E63.09为False，故障代码产生,"1.检查K210.5控制及反馈信号是否正常；
2.如果PLC不输出控制信号控制K210.5吸合，且检查接触器下端并无接地、短路等问题，断电重新上电后能吸合，但不定时的还跳开，则建议检查电池柜内蓄电池，检查是否有烧焦痕迹或某组电池电压较低。",电池
155,电池测试控制信号和反馈信号不一致,当PLC不在停止和故障状态，副PLC的输出端口A62.10的电池测试控制信号与副PLC检测口E63.10的反馈信号不一致时，故障代码产生,"1.检查电池测试接触器K212.2反馈线路是否正常；
2.检查电池测试接触器K212.2控制回路是否正常；
3.检查电池测试接触器K212.2是否正常。",电池
156,电池慢速充电控制信号和反馈信号不一致,当PLC不在停止和故障状态，副PLC的输出端口A62.11的电池慢充控制信号与副PLC检测口E63.11的反馈信号不一致时，故障代码产生,"1.检查电池测试接触器K212.4反馈线路是否正常；
2.检查电池测试接触器K212.4控制回路是否正常；
3.检查电池测试接触器K212.4是否正常；
4.bachmann机组检查DIO280模块85号端口24Vdc电源接线是否正常。",电池
157,电池快速充电控制信号和反馈信号不一致,当PLC不在停止和故障状态，副PLC的输出端口A62.12的电池快充控制信号与副PLC检测口E63.12的反馈信号不一致时，故障代码产生,"1.检查电池测试接触器K212.6反馈线路是否正常；
2.检查电池测试接触器K212.6控制回路是否正常；
3.检查电池测试接触器K212.6是否正常；
4.bachmann机组检查DIO280模块85号端口24Vdc电源接线是否正常。",电池
158,备用,备用,备用,电池
159,备用,备用,备用,电池
160,230V电源没有反馈,PLC检测到F134.6空开反馈信号错误,1.检查F134.6空开及反馈信号是否正常。,控制柜
161,控制柜内部24v供电熔断器熔断,PLC主站A240.3-EA63.03（I24Fus1）收不到反馈信号,"1.检查NCC310柜内F228.2至A240.3-EA63.03（I24Fus1）的线路是否正常。
2.检查NCC310柜内F228.2保险是否有烧坏，如果烧坏检查保险下端是否存在接地点。",控制柜
162,控制柜外部24v供电熔断器熔断,PLC从站A250.3-E62.08（I24Fus2）收不到反馈信号,"1.检查NCC310柜内F222.5至从站PLC A250.3-E62.08（I24Fus2）端口线路是否正常。
2.检查NCC310柜内F222.5保险是否有烧坏，如果烧坏，保险下端是否接地。
3.如果打雷引起NCC310柜内F222.5保险烧坏，重点检查制动器压力开关、凸轮编码器是否击穿，电源有无接地。
4.如果油泵启动瞬间烧坏F222.5保险，检查油过滤压力传感器是否正常。",控制柜
163,控制柜加热器熔断器熔断,PLC检测到F136.2空开反馈信号错误,1.检查F136.2空开及反馈信号是否正常。,控制柜
164,控制柜散热风扇反馈丢失,PLC检测到ICabFanFus反馈信号错误,"1.ABB机组检查F134.2空开反馈信号是否正常；
2.bachmann机组检查F215.1空开反馈信号是否正常。",控制柜
165,24v风速风向仪供电反馈丢失,数字量DI92模块A260.3-E10.00（I24Fus3）收不到反馈信号,1.检查是否有风速显示，如无风速，检查风速仪供电保险是否烧坏，保险在09年12月以后的图纸中已经改到4-5A，如保险烧坏，检查保险下端是否存在接地点，风速仪工作时使用钳流表测量保险流过的最大电流。如有风速，检查风速仪保险至A260.3-E10.00（I24Fus3）的反馈线路是否松动。,控制柜
166,24v辅助供电反馈丢失,NCC310-F230.4至数字量模块A260.3-E10.01（I24Fus4）的24V反馈信号丢失,"1.检查F230.4至数字量模块A260.3-E10.01（I24Fus4）线路是否正常。
2.检查F230.4保险(2A)是否正常,若保险烧坏，检查保险后端是否接地。",控制柜
167,电网690v熔断器熔断,数字量DI92模块A260.3-E10.02（I690Fus）收不到反馈信号,"1.检查NCC300-F102.2/3/4至数字量DI92模块A260.3-E10.02（I690Fus）端口线路是否正常。（检查时需断开690V电源）。
2.检查NCC300柜内网侧350A保险（-F102.2/3/4）及反馈触点是否正常（检查时需断开690V电源）
3.如果350A保险烧坏，检查网侧接触器是否粘连或绝缘不够。检查滤波回路1欧姆电阻是否正常，如损坏，更换水冷滤波板或滤波电阻，务必要均匀涂上导热硅胶，且固定螺丝必须拧紧，最好选用长度及螺纹一致的内六角螺丝固定。（原先梅花螺丝不易拧紧）。检查350A保险后端器件及电缆绝缘性，如是否存在电缆表皮磨破等问题。
4.如果与Err278、80等同时报出，检查变频器IGBT是否击穿。",控制柜
168,机舱烟雾传感器检测,当主PLC检测到烟雾传感器输出时，产生故障代码,"1.检查烟雾传感器是否触发。
2.检查烟雾传感器供电及外接线是否正常。",控制柜
169,控制柜温度过高,当机舱三个控制柜中任何一个温度超过65℃时，产生故障代码,"1.检查机舱控制柜NCC300-320温度是否有大于65的。
2.机舱控制柜NCC300-320测温PT及接线是否正常。
3.检查水冷系统是否正常。
4.检查机舱控制柜内加热器是否一直工作，若是，检查温控开关及调节值是否正常（机舱控制柜内温控开关设定值在5-10度为宜，太低对电气元件工作不利，送电瞬间易烧坏电源等）。
5.检查柜内风扇工作是否正常。
6.检查柜内温控开关设定值及工作是否正常。",控制柜
170,机舱温度过高,当机舱温度大于55℃时，产生故障代码,"1.检查机舱测温PT100接线及阻值。
2.检查机舱实际温度是否确实高，检查油冷扇热器帆布是否安装不好，导致热风吹到机舱内部。",控制柜
171,机舱温度传感器检测异常,当机舱温度大于250度或小于-50℃时，产生故障代码,1.检查机舱测温PT100接线及阻值。,控制柜
172,水冷泵接触器错误,当PLC发出的指令和水冷泵接触器的反馈不一致时，产生故障代码,"1.检查水泵接触器反馈回路是否有问题。
2.检查水泵接触器控制回路是否有问题。
3.检查水泵接触器是否正常。",控制柜
173,水冷泵断路器断开,当主PLC检测到Q112.7时，产生故障代码,"1.检查水泵接触器反馈回路是否有问题。
2.检查水泵接触器控制回路是否有问题。
3.检查水泵接触器是否正常。",控制柜
174,变频器柜水冷阀断路器断开,当主PLC检测到F218.7断开时，产生故障代码,"1.检查水阀断路器是否断开；
2.检查水阀断路器反馈回路是否正常。",控制柜
175,备用,备用,,
176,偏航驱动速度慢,当偏航驱动速度低于设定值时，产生故障代码,"1.检查偏航传感器是否正常。
2.检查偏航传感器内部编码器至PLC模块的接线及脉冲反馈是否正常。
3.检查偏航功率是否过高，如果大于12kw，建议重调偏航力矩来减小偏航功率。
4.检查偏航电机转向是否正常，服务模式下控制面板左转时，实际是否左转且机舱角度也递减。
5.如果是Vacon偏航变频器机组，可能是偏航变频器程序问题，更新偏航变频器程序可解决。
6.如果偏航变频器温度静止时为0，但一偏航就快速变到-1500度，更换偏航变频器。
",偏航
177,偏航时机舱位置没有改变,当偏航在额定频率下4秒后机舱位置还没有变化时，产生故障代码,"1.检查偏航传感器内部的编码器及接线。
2.检查偏航传感器内部编码器电源及反馈是否正常。",偏航
178,偏航时机舱位置变化太小,额定频率下偏航，当机舱位置变化小于设定值时，产生故障代码,"1.检查偏航传感器线路。
2.检查偏航时角度反馈是否正常。
3.检查偏航电机工作是否正常。
4.更换偏航传感器或传感器内部编码器。
5.如果雷击引起，可能凸轮内编码器损坏，检查更换编码器，并尽快做好防雷技改和零地分离技改。                                                                                  ",偏航
179,偏航静止时机舱位置改变,当偏航静止状态下机舱位置超出设定值时，产生故障代码,"1.MGM偏航电机正上方（外壳顶部）螺丝没有去除，导致偏航电机刹车一直处于打开状态。将MGM偏航电机上方螺丝去除即可。
2.检查偏航电机刹车供电控制继电器K118.8触点是否一直处于导通状态，正常为偏航时线圈得电触点闭合、不偏航时线圈失电触点断开。
3.检查凸轮开关固定及内部编码器固定是否松动。
4.如果以上原因都排除，可能是接收凸轮编码器的plc或模块问题。",偏航
180,偏航变频器熔断保险断开,当主PLC与WTD192通信正常且F118.2断开时，产生故障代码,"1.检查偏航变频器空开F118.2是否断开。
2.检查偏航变频器空开F118.2反馈信号至PLC是否松动。",偏航
181,偏航变频器通讯错误,当偏航变频器与PLC通讯错误时，产生故障代码,"1.检查偏航变频器与PLC模块间通讯线路是否有正常。
2.ABB机组检查从站PLC CAN通讯配置是否正常。
3.如果运行过程中频繁报此故障，且需给偏航变频器断电才能复位，可能偏航变频器的通讯板问题。",偏航
182,偏航极限位置触发,当偏航极限位置开关触发时，产生故障代码,"1.如果故障不可复位，可能偏航凸轮开关设置或调节有误，偏航左、右极限位置的触发应先于解缆位置保护，即图纸中1、2号凸轮环应先于3号凸轮环触发。建议在电缆完全垂直状态下，重新调整偏航凸轮开关。
2.如果故障可复位，检查偏航电机刹车反馈回路是否有接地，导致偏航变频器20号端子无24V输出。找到接地点，处理好即可。",偏航
183,偏航变频器故障,当偏航变频器检测到故障时，产生故障代码,1.检查偏航变频器子故障，参考偏航子故障处理手册。,偏航
184,偏航刹车保护保险丝,当偏航刹车保护的保险丝熔断时，产生故障代码,"1.检查偏航刹车空开F122.2是否跳开。
2.检查偏航刹车空开F122.2反馈触点至PLC模块IYawBraFus端口线路是否有问题。",偏航
185,偏航控制盒连接,当偏航手操盒与偏航变频器连接时，产生故障代码,"1.检查手动操作盒是否连接到偏航系统。
2.检查偏航系统手动操作盒检测回路是否有问题。",偏航
186,自动偏航时偏航超时,当偏航在设定时间内无法使机舱到达指定位置时，产生故障代码,"1.检查偏航传感器线路。
2.检查偏航左右极限位置是否在偏航角度小于600度时触发，若是，建议重调凸轮（调时电缆必须完全垂直），或者暂时在服务模式下往另一方向偏航180度以上。                                                        3.更换偏航传感器                                                                                ",偏航
187,偏航凸轮左/右位置检测错误,当偏航凸轮左/右位置检测错误时，产生故障代码,"1.检查凸轮左右极限位置开关、解缆保护开关是否正常，调节位置是否有很大误差。
2.检查凸轮开关左右极限位置开关是否接反。
3.检查电缆是否扭曲很大，若是需要偏航到电缆完全垂直后重新调节凸轮。
4.如果KEB偏航变频器16号端口（ST）无24V反馈，此时将无法偏航。
5.在电缆完全垂直状态重新调整凸轮，如果角度显示负数，调节4号凸轮环正好触发按钮，使面板显示机舱位置为“左”，然后向右偏航直到机舱位置变为“右”，此时角度就能自动变到±30度范围内；反之，调节4号凸轮环使其正好不触发按钮，使面板显示机舱位置为“右”，然后向左偏航直到机舱位置变为“左”，此时角度就能自动变到±30度范围内。",偏航
188,偏航功率低,当偏航功率低于设定值时，产生故障代码,1.调整偏航螺栓力矩，夏天4-6kw；冬天6-8kw。                                                                          ,偏航
189,备用,备用,,
190,备用,备用,,
191,备用,备用,,
192,400V电源中断掉电,当主PLC没有检测到400v电源输入时，产生故障代码,"1.检查机组400V外接电源是否正常，箱变400V是否跳闸。
2.检查三相400V电源监视继电器是否正常。
3.检查三相400V电源监视继电器至PLC测量模块间线路是否正常。
4.检查三相400V多功能继电器调节值是否正确（bachmann+PM3000W机组）。
5.检查是否与Err142同时报出，若是，按照Err142处理方案处理。",一般性
193,滑环转速过低,当滑环编码器测量转速低于变频器测量转速达到设定值时，产生故障代码,"1.检查超速继电器调节值是否正确，右边的1000与左边的1000是否调反，正常是右边调成1000。
2.检查叶轮转速是否正常。
3.检查发电机转速是否突变。
4.检查SpeRot1、SpeRot2转速是否都正常。
5.若为阵风引起，可能PLC程序版本较旧，更新PLC程序。",一般性
194,发电机转速过低,当滑环编码器测量转速高于变频器测量转速达到设定值时，产生故障代码,"1.检查超速继电器设置，正确值为（以77叶轮直径机组turck继电器为例）1000MHz/4/6/90/0.5；                                                                    2.服务模式下，启动变桨观察Pitch及Converter菜单下轮毂、发电机转速值是否平稳。
3.使用Rheintacho rotas超速继电器的机组，如果停机或启机偏航过程中报，检查滑环编码器脉冲信号反馈是否正常，如果信号受干扰，可以更换除O和O/外的其他脉冲信号。",一般性
195,软件超速,当滑环测得转速或变频器测得转速超过设定值1（设定值1<设定值2）时，产生故障代码,一般性,一般性
196,硬件超速,当滑环测得转速或变频器测得转速超过设定值2（设定值1<设定值2）时，产生故障代码,一般性,一般性
197,变频器测量发电机转速超速,当变频器测得发电机转速大于设定值时，产生故障代码,一般性,一般性
198,功率1分钟滤波值小于-30KW ,当功率1分钟滤波值小于-30KW时，产生故障代码,"1.检查变频器端子上电网电流测量互感器接线顺序。
2.检查发电机转速ConSpe信号，如信号失真，有短时跳跃，则为发电机编码问题引起。需检查编码器固定、联轴器固定及编码器测量回路是否正常。
3.更换编码器。
4.天元电机使用的小编码器存在问题，建议更换为永济电机使用的莱纳林德编码器。",一般性
199,故障电流大于低限值,当变频器在非同步状态下故障电流大于75A时，产生故障代码,"1.检查NCC300柜内母排电网电流互感器接线是否松动。
2.更换变频器后插头没插好或变频器损坏。
3.电机转子绕组接地，发电机损坏。
4.检查T170.6的24V供电及反馈到A240.3PLC的线路；
5.检查定子接触器。",一般性
200,故障电流小于-10A,当故障电流小于-10A时，产生故障代码,"1.检查NCC310-A240.3-EW6.07/FaiCur)至故障电流互感器NCC300-T170.6之间的线路是否正常。
2.检查故障电流互感器是否损坏（正常情况有4-20mA直流电流输出）。",一般性
201,故障电流大于最高限值,当变频器在非同步状态下故障电流大于150A时，产生故障代码,"1.检查NCC300柜内母排电网电流互感器接线是否松动。
2.更换变频器后插头没插好或变频器损坏。
3.电机转子绕组接地，发电机损坏。
4.检查T170.6的24V供电及反馈到A240.3PLC的线路；
5.检查定子接触器。",一般性
202,变频器同步失败,当变频器同步时间超过设定值时，产生故障代码,"1.检查电机选型、开口电压、励磁电流设置是否正确。
2.示波器，检查同步时定子侧电压波形相位是否稳定，幅值与电网幅值是否相差大于200V，频率是否正常（正常为50Hz±2Hz）。如果相位不对，更换定子相序；如果频率不对，更换转子相序。
3.检查发电机定转子绕组相间、对地阻值是否正常。
4.检查定子接触器-K150.1线圈供电线路接线是否松动。
5.静态测试变频器至S7-Syn时，如果Gsccur高达100多安（正常为30A），且三相不平衡，且更换发电机转子相序后效果一样。则为发电机转子问题。
6.检查NCC300柜内发电机定子侧到8A保险到机侧变频器接线及插头是否松动，位置是否接对。
7.检查定子侧8A保险是否正常。
8.检查发电机编码器及固定是否正常。
9.使用ABB定子断路器做并网开关机组，如果机组输出并网控制信号，检查控制信号到定子断路器的线路、器件及定子断路器本身是否正常（特别是定子断路器辅助触点是否正常）。
10.使用ABB接触器做并网开关机组，检查接触器辅助触点及辅助触点反馈是否有问题。
11.如果与Err80同报，检查发电机编码器。",一般性
203,网侧变频器电流错误,"当变频器网侧接触器没有闭合且网侧电流大于50A时,产生故障代码",,一般性
204,机侧变频器电流错误,"当变频器机侧接触器没有闭合且机侧电流大于50A时,产生故障代码",,一般性
205,变频器预充电时，直流母线电压和电网整流电压差值超限,当预充电状态直流母线电压和电网整流电压差值大于100V时，产生故障代码,,一般性
206,滑环编码器测得转速波动大,滑环编码器测得转速波动大,一般性,一般性
207,UPS状态故障,UPS工作状态的反馈点没有24V电压时产生,"1.检查UPS输入端是否跳闸，若存在跳闸说明UPS负载有短路情况，请排查后端故障后再次上电；
2.检查UPS状态反馈的端子和接线是否有松动；
3.断开UPS输出负载后上电观察是否正常工作；注意逆变指示灯是否为正常的绿色亮起状态。",一般性
208,制动泵无压力,当液压制动开关调整没有反馈时，产生故障代码,"1.检查制动器液压油位、压力传感器供电及反馈信号
2.将+NCC310柜门上开关打到手动，手动反复启动制动器，同时测量制动器反馈24VDC信号，制动器打开时，应有反馈24VDC信号。
3.检查制动器压力开关反馈信号接线，通常为棕色线brown: +TB300-X222.3:3 / 蓝色线blue: +TB300-X222.3:2 / 黑色线black: +TB300-X222.3:4。有时候反馈线的延时不是黑色，可能是白色。
4.如果雷雨天气导致，可能是压力开关受雷击损坏，建议更换并及时做好防雷技改和零地分离技改。
5.更换防雷能力强的制动器压力传感器。",保险
209,保险或直流电源接地,当400V断路器F200.2断开无反馈给主PLC时，产生故障代码,"1.检查F200.2空开是否断开或损坏，如果跳开，检查空开下端是否有接地点。
2.检查F200.2空开反馈是否有问题。
3.如果空开跳开，检查变桨变频器＋＋端口与PB间的制动电阻是否有问题。
4.如果空开跳开，检查变桨控制柜间电源线是否有问题。
5.如果空开跳开，检查蓄电池是否正常。   ",保险
210,NCC310控制柜急停按钮,当NCC310柜的急停按钮S230.2打开时，产生故障代码,"1.检查NCC310柜急停按钮是否拍下。
2.检查急停按钮反馈回路24Vdc是否正常。
3.检查急停及急停反馈线路是否正常。",保险
211,CTB300齿轮箱控制柜急停按钮,当CTB300齿轮箱的急停按钮S232.3或S232.5打开时，产生故障代码,"1.检查齿轮箱急停按钮是否拍下。
2.检查急停按钮反馈回路24Vdc是否正常。
3.检查急停及急停反馈线路是否正常。",保险
212,TBC100塔基控制柜急停按钮,当TBC100柜的急停按钮打开时，产生故障代码,"1.检查塔基柜急停按钮是否拍下。
2.检查急停按钮反馈回路24Vdc是否正常。
3.检查急停及急停反馈线路是否正常。",保险
213,网测变频器滤波器保险打开,当网测变频器滤波器保险打开时，产生故障代码,"1.检查滤波回路保险及反馈信号是否正常。可能是1欧滤波电阻烧坏引起保险烧坏。更换滤波电阻时必须均匀涂抹导热硅胶，且固定螺丝必须拧紧（原先梅花螺丝不易拧紧，建议使用内六角螺丝紧固）。
2.如果仅仅是反馈信号出问题，滤波保险正常，建议将该反馈信号去除（017[1].0034.02B版图纸开始已经不检测该反馈信号）。",保险
214,备用,备用,,
215,备用,备用,,
216,备用,备用,,
217,备用,备用,,
218,备用,备用,,
219,备用,备用,,
220,备用,备用,,
221,备用,备用,,
222,备用,备用,,
223,备用,备用,,
224,箱变温度过高或过低,当箱变滤波温度大于155℃或小于-20℃时，产生故障代码,"1.检查系统接收的箱变绕组温度信号是否使用100欧电阻替代，若是，检查电阻接线是否正常。若否，检查箱变实际反馈的信号是否正常。
2.检查测温回路浪涌是否正常。 ",温度
225,环境温度过高,当环境温度滤波值超过50℃时，产生故障代码,"1.检查环境PT100及其线路是否正常。
2.如果使用Thies风速仪测量环境温度，建议技改为外接PT测温。
3.如果已经技改为外接PT测温，检查程序中是否设置为外接PT测温。",温度
226,网侧滤波板温度过高,当网侧滤波板温度滤波值超过100℃时，产生故障代码,"1.检查水循环，包括水阀是否畅通，排气是否彻底，水压是否正常。
2.如果水循环没有问题，检查滤波板中1欧姆电阻排布是否分散。
3.检查PT100测温是否与实际温度一致。
4.更换滤波板。",温度
227,网测扼流圈温度过高,当网测扼流圈温度滤波值超过155℃时，产生故障代码,"1.检查PT100测温与实际温度是否相符。
2.检查PT100测温回路是否松动。
3.如果温度确实高，检查NCC320柜内风扇及水冷循环是否正常。",温度
228,机侧扼流圈温度过高,当机侧扼流圈温度滤波值超过155℃时，产生故障代码,温度,温度
229,频率超出限制范围,当实际频率大于或者小于设定值时，产生故障代码,温度,温度
230,没有选择设备类型,PLC检测到机组器件类型选择不全,1.检查机组叶片、发电机、变桨减速比、风速仪等部件类型是否设置完毕。,温度
231,备用,备用,,
232,备用,备用,,
233,备用,备用,,
234,备用,备用,,
235,备用,备用,,
236,备用,备用,,
237,备用,备用,,
238,备用,备用,,
239,备用,备用,,
240,自检时，功率变频器关断时间超时,当自检状态下变频器关断时间超时，产生故障代码,状态机,状态机
241,自检时，轮毂没有到达停止状态,当自检状态下轮毂关断时间超时，产生故障代码,,状态机
242,自检时，机舱寻找零位置时间超时,机舱初始化状态偏航寻找零位超过24000秒,"1.检查凸轮开关反馈信号线路是否松动。
2.检查凸轮开关工作是否正常。",状态机
243,齿轮箱加热超时,当齿轮箱加热时间超过12小时时，产生故障代码,"1.检查齿轮箱加热回路线路是否正常。
2.检查齿轮箱加热器是否正常。",状态机
244,自检时，功率变频器Crowbar错误,当自检状态下变频器Crowbar测试失败时，产生故障代码,"1.检查crowbar到电机侧变频器的通讯光纤是否损坏（如：出现严重压痕等）；
2.检查Crowbar单元线路是否松动；
3.更换Crowbar控制器。",状态机
245,自检时，变桨变频器错误电池电压错误,当自检状态下任何一个变桨变频器电压和电池电压的差值超过设定值时，产生故障代码,"1.检查变桨子故障；
2.检查主电源断电时，电池电压是否波动很大。",状态机
246,自检时，变桨到达指定位置超时,当自检状态下变桨达到指定位置超时时，产生故障代码,"1.检查变桨扭矩是否正常；
2.检查是否有变桨子故障；
3.使用手动变桨操作盒变桨，检查是否正常。",状态机
247,自检时，安全链打开时桨叶不能回到顺桨位置,当自检状态下安全链断开桨叶不能回到顺桨位置时，产生故障代码,"1.检查动作时间是否正常，如果刹车制动时间很慢，检查刹车液压油是否有问题，如是否用错液压油，把齿轮油当液压油使用。
2.检查制动器传感器安装位置是否正确（正确的为长杆在中间，图纸代号为S222.6；短杆在旁边且有附件杆，图纸代号为S222.7）。
3.bachmann简版机组程序问题，更新PLC程序到C14.143 20120427之后版。
4.更换传感器或制动器",状态机
248,自检时，刹车没有关闭,当自检状态下刹车没有关闭时，产生故障代码,"1.检查制动器传感器安装位置是否正确（正确的为长杆在中间，图纸代号为S222.6；短杆在旁边且有附件杆，图纸代号为S222.7）。
2.检查刹车传感器反馈信号是否正常；
3.检查刹车动作是否正常；
4.bachmann简版机组程序问题，更新PLC程序到C14.143 20120427之后版。
5.更换传感器或制动器",状态机
249,自检时，发电机转速问题,当自检状态下发电机转速过高或过低时，产生故障代码, ,状态机
250,自检时，刹车启动后，发电机转速不为0,当自检状态下刹车启动后发电机转速不为0时，产生故障代码,"1.检查编码器固定是否正常；
2.检查自检时机械刹车是否能够完全制动；
3.检查编码器外接电缆屏蔽线接地电阻是否小于0.3欧（PM1000机组）；
4.检查编码器外壳对地电阻，正常为无穷大；
5.检查编码器至变频器间通讯线及插头是否松动或工作异常；
6.检查变频器测速版是否正常。
7.检查发电机编码器及固定是否有问题，天元电机早期使用的小编码器安装工艺有问题，建议更换为永济电机使用的大编码器（莱纳林德厂家）。",状态机
251,自检时，叶片没有顺浆,初始化轮毂在35秒内未达到停止状态,"1.检查变桨状态是否变化正常。
2.检查接近开关安装距离及反馈信号是否正常。
3.检查是否滑桨。
4.如果划桨，检查变桨制动器供电继电器是否损坏，检查变桨电机刹车扭矩是否满足要求。",状态机
252,自检时，电池未检测到电网掉电,当自检状态下电池未检测到电网掉电时，产生故障代码,"1.检查变桨电源控制接触器K210.2控制回路、反馈回路是否正常；
",状态机
253,自检时，变桨轴承摩擦力过大,当自检状态下任何一个变桨轴承的摩擦力超过限定值时，产生故障代码,"1.检查变桨扭矩是否正常
2.使用手动变桨操作盒变桨，检查是否正常。
3.变桨轴承增加变桨润滑油。",状态机
254,备用,备用,,
255,备用,备用,,
256,PLC故障状态快速停机超高速限值,当PLC故障状态下快速停机时，停机时间超过30s以上转速仍然超过1000rpm，产生故障代码,"1.检查变桨扭矩。
2.检查变桨轴承润滑。",停止类
257,PLC故障状态快速停机超低速限值,当PLC故障状态下快速停机时，停机时间超过60s以上转速仍然超过150rpm，产生故障代码,"1.检查变桨扭矩。
2.检查变桨轴承润滑。",停止类
258,拍急停全速停机时，停机超高速限值,当拍急停全速停机时，停机时间超过15s以上转速仍然超过1000rpm，产生故障代码,"1.检查变桨扭矩。
2.检查变桨轴承润滑。",停止类
259,拍急停全速停机时，停机超低速限值,当拍急停全速停机时，停机时间超过30s以上转速仍然超过150rpm，产生故障代码,"1.检查变桨扭矩。
2.检查变桨轴承润滑。",停止类
260,安全链打开停机时，停机超高速限值,当安全链打开停机时，停机时间超过15s以上转速仍然超过1000rpm，产生故障代码,"1.检查变桨扭矩。
2.检查变桨轴承润滑。",停止类
261,安全链打开停机时，停机超低速限值,当安全链打开停机时，停机时间超过30s以上转速仍然超过150rpm，产生故障代码,"1.检查变桨扭矩。
2.检查变桨轴承润滑。",停止类
262,备用,备用,,
263,备用,备用,,
264,备用,备用,,
265,备用,备用,,
266,备用,备用,,
267,备用,备用,,
268,备用,备用,,
269,备用,备用,,
270,备用,备用,,
271,备用,备用,,
272,主P检测到从P通讯错误,当主PLC检测到主从PLC通讯错误时，产生故障代码,"1.如果与Err274故障同时产生，可能问题出在主PLC，检查主PLC及通讯是否正常（如：IP地址、网线连接等）。
2.重启主PLC或给主PLC断电。
3.检查从站PLC供电是否正常。
4.检查从站PLC IP地址是否正常。
5.检查从站PLC到交换机之间的网线是否正常。",看门狗
273,从P检测到从P通讯错误,当从PLC检测到主从PLC通讯错误时，产生故障代码,"1.断电或重启从站PLC。
2.如果从站PLC的FK1、FK2、FK3指示灯亮，断电或重启后不管用，更换PLC。
3.检查从站PLC供电及PLC至交换机之间的网线连接是否正常。
4.重新设定从站PLC的IP地址。
5.更换从站PLC。",看门狗
274,塔基PLC通讯错误,当主PLC检测到主PLC与塔基PLC通讯错误时，产生故障代码,"1.如果与Err233故障同时产生，可能问题出在主PLC，检查主PLC及通讯是否正常（如：IP地址、网线连接等）。
2.如果与Err233故障同时产生，可以重启主PLC或给主PLC断电。
3.检查塔基PLC供电是否正常。
4.检查机舱到塔基的光纤是否正常，正常的光纤能够传输光线。
5.检查塔基PLCIP地址是否正常。",看门狗
275,NCC310的数字量输入模块通信错误,数字量DI92模块A260.3-E11.15（IDigLiv）收不到反馈信号,"1.检查数字量模块A260.3-E11.15（IDigLiv）端口供电是否正常。
2.检查数字量模块电源供电是否正常。
3.检查PLC A240.3-X5端口至数字量模块X1端口的CS31-bus通讯线路是否正常。",看门狗
276,风速风向仪通讯错误,当主PLC检测到风速风向仪通讯时，产生故障代码,看门狗,看门狗
277,变频器通信复位错误,PLC与变频器CAN通讯发生故障,"1.如果与Err23一起报且Err23能复位，但Err4只有断电或重启PLC才能复位，可以重新下载或更换主PLC的CAN-Open协议。
2.检查变频器至PLC的CAN通讯接口之间线路、器件是否松动。
3.更换主PLC。",看门狗
278,变频器的多路转换器通讯错误,状态机不在PLC停止状态、PLC初始化状态、PLC自检状态或变频器复位状态时，变频器与主PLC之前通讯中断。,"1.检查变频器至CAN-spider之间的光纤连接是否正常，CAN-spider（NCC310-A293.2）上通讯光纤正常有一个口有光。
2.检查CAN-spider至PLC之间的CAN通讯线及终端电阻是否正常。
3.检查变频器上电源板指示灯是否正常、变频器供电电源是否正常，如NCC310-F352.4熔丝、网侧接触器K340.4辅助触点是否正常。
4.检查主站PLC的CAN-Open协议是否正常，下载PLC的CAN协议时需要PLC处于Stop模式（可以通过AC1131登入后点击Stop或将PLC右上方的拨码拨到Stop位置）。
5.如果与Err80等变频故障一起报出，检查变频器是否存在问题。",看门狗
279,变桨柜1通讯错误,变桨1变频器与PLC间通讯中断,"1.如有变桨子故障，参考变桨故障处理手册。
2.如果Lenze系统做Crowbar测试报，检查Crowbar测试时，24V电源是否下降很大（如：降到13V左右），导致变桨变频器电源瞬间供电不足。
3.如果一偏航就报，检查偏航启动时，变桨通讯线缆CAN—H与CAN—L间的电阻跳变，正常为120欧姆。如果跳变，分段检查问题产生点。
4.检查轮毂内控制柜之间的电缆是否固定良好（扎带固定好，不会来回甩动）。
5.检查PLC的CAN通讯接口到偏航变频器CAN口、变桨1变频器CAN之间的线路是否松动。
6.检查偏航变频器、变桨变频器CAN插头上的屏蔽线是否连接正常。",看门狗
280,变桨柜2通讯错误,变桨2变频器与PLC间通讯中断,"1.如有变桨子故障，参考变桨故障处理手册。
2.如果Lenze系统做Crowbar测试报，检查Crowbar测试时，24V电源是否下降很大（如：降到13V左右），导致变桨变频器电源瞬间供电不足。
3.如果一偏航就报，检查偏航启动时，变桨通讯线缆CAN—H与CAN—L间的电阻跳变，正常为120欧姆。如果跳变，分段检查问题产生点。
4.检查轮毂内控制柜之间的电缆是否固定良好（扎带固定好，不会来回甩动）。
5.检查PLC的CAN通讯接口到偏航变频器CAN口、变桨2变频器CAN之间的线路是否松动。
6.检查偏航变频器、变桨变频器CAN插头上的屏蔽线是否连接正常。",看门狗
281,变桨柜3通讯错误,变桨3变频器与PLC间通讯中断,"1.如有变桨子故障，参考变桨故障处理手册。
2.如果Lenze系统做Crowbar测试报，检查Crowbar测试时，24V电源是否下降很大（如：降到13V左右），导致变桨变频器电源瞬间供电不足。
3.如果一偏航就报，检查偏航启动时，变桨通讯线缆CAN—H与CAN—L间的电阻跳变，正常为120欧姆。如果跳变，分段检查问题产生点。
4.检查轮毂内控制柜之间的电缆是否固定良好（扎带固定好，不会来回甩动）。
5.检查PLC的CAN通讯接口到偏航变频器CAN口、变桨3变频器CAN之间的线路是否松动。
6.检查偏航变频器、变桨变频器CAN插头上的屏蔽线是否连接正常。",看门狗
282,备用,备用,看门狗,看门狗
283,备用,备用,看门狗,看门狗
284,备用,备用,看门狗,看门狗
285,备用,备用,看门狗,看门狗
286,备用,备用,看门狗,看门狗
287,备用,备用,看门狗,看门狗
288,主机、从机、塔基版本不一致,PLC软件版本不匹配,1.检查主、从、塔基PLC程序版本是否匹配。,版本检查
289,变桨版本号错误,变桨变频器软件版本存在问题,1.检查变桨变频器软件版本是否与PLC匹配。,版本检查
290,偏航版本号错误,偏航软件版本与程序定义版本不一致,"1.检查偏航变频器程序是否与PLC匹配。
2.联系相关技术负责人，告知偏航程序版本号及PLC程序版本号。",版本检查
291,该版本程序不适用于本风场,该版本程序不适用于本风场,1.检查该版本程序使用限定某个风场使用。,版本检查
292,该版本程序使用期限已过,该版本程序使用期限已过,1.检查该版本程序使用使用期限。,版本检查
293,备用,备用,,
294,电网电压低,当电网电压低时，产生故障代码,"1.检查电网电压是否确实低。
2.检查电网电压测量回路是否有问题。",电网
295,电网电压高,当电网电压高时，产生故障代码,"1.检查电网电压是否确实高。
2.检查电网电压测量回路是否有问题。",电网
296,电网频率低,PLC检测到变频器传回的电网频率低于47.5Hz超过1s,"1.检查电网频率是否正常。
2.检查电网频率低故障限值及延时时间设置是否正常。",电网
297,电网频率高,PLC检测到变频器传回的电网频率高于52.5Hz超过1s,"1.检查电网频率是否正常。
2.检查电网频率高故障限值及延时时间设置是否正常。",电网
298,电网频率持续低,当电网频率持续在地位运行超过30分钟，产生故障代码,"1.检查电网电压是否确实低。
2.检查电网电压测量回路是否有问题。",电网
299,备用,备用,,
300,备用,备用,,
301,备用,备用,,
302,备用,备用,,
303,备用,备用,,
304,风速风向仪测量错误,当从PLC接收到风速风向仪测量错误信号时，产生故障代码,"1.检查程序中风速仪选型是否正确。
2.检查风速风向仪供电及反馈信号回路是否正常。
3.升级PLC程序。
4.检查thies风速仪风速风向仪参数配置是否正确（参数MA－03 DM－01 PC－00  TT－02  OR－100，修改完参数上电前需将风速仪外接的1、4号线短接）。
5.检查thies风速仪AA、AB、AC这三个参数如果为00003，则需要改为00000（风速仪说明书中有介绍），否则可能会出现风速时有时无的问题。
6.检查测风回路浪涌保护器是否正常。
7.检查风速仪回路RS485转换模块及模块拨码是否正常（ABB机组）
8.机械式风速仪检查反馈信号是否在4-20mA范围内。
9.更换风速仪。",风速风向仪
305,风速风向仪通讯错误,当从PLC检测到风速风向仪通讯错误时，产生故障代码,参考Err305,风速风向仪
306,连续9小时无风,当从PLC检测到连续无风时间超过9小时时，产生故障代码,"1.ABBPLC机组重启从站PLC。
2.检查PLC模块至风速仪间的通讯线路。
3.检查风速仪转换模块。
4.升级PLC程序。
5.检查thies风速仪参数配置。
6.更换风速仪。",风速风向仪
307,风速风向仪失效,当从PLC检测到风向仪测量错误时间超过限定值时，产生故障代码,风速风向仪,风速风向仪
308,备用,备用,,
309,备用,备用,,
310,备用,备用,,
311,备用,备用,,
312,备用,备用,,
313,备用,备用,,
314,备用,备用,,
315,备用,备用,,
316,备用,备用,,
317,备用,备用,,
318,备用,备用,,
319,备用,备用,,
