故障代码,故障描述/现象,故障原因,解决方案
513,变频器检查到电网波动,电网电压波动,1.检查电网电压是否波动。2.检查电网电压是否正常。
516,"只有断电或重启PLC才能复位,与23一起报且23能复位。",主PLC的CAN-Open问题,1.重传主PLC的CAN-Open协议；2.更换主PLC
518,变桨软件版本错误,变桨变频器软件版本存在问题,1.检查变桨变频器软件版本是否正确。
519,偏航版本不匹配，软件参数设置故障,参数设置不当,1.修改PLC程序中参数DemYawVer为控制面板上显示的偏航版本号。                                                       
520,初始状态轮毂未达停机位置,在机组初始化状态的第三步，桨叶在工作位置状态,1.检查桨叶状态2.检查接近开关3.检查是否滑桨
522,机舱未找到零位,机舱初始化状态超过24000秒,1.检查凸轮开关调节是否正常。
523,即将并网时F230.6保险烧坏(2A),定子接触器24V控制线圈回路有接地点,1.检查变频器至定子接触器24Vdc回路是否存在接地。2.联系ABB厂家更换定子接触器电路板
523,运行中F230.6保险烧坏(3.15A)，线路无接地。雷雨天气F230.6烧坏。,F230.6熔丝容量偏小。多功能继电器复位电源供电方式不对。,1.F230.6熔丝由原先的3.15A更换为5A。2.更改多功能继电器接线方式，急停复位电源由继电器本身提供。详见F230.6技改说明。
524,急停回路断开，风机紧急停止，制动器报死,线路虚接；回路电压偏低，不到20V,1.若故障无法复位，检查整个急停回路，寻找断点。2.检查急停复位线圈回路24V电压，如果低于20Vdc，则检查浪涌等期间是否工作异常，如绝缘异常、串电压等。3.检查多功能继电器K230.3是否有问题。4.若故障能够复位，但频繁发生，且以上原因都排除，则可采用排除法，将急停回路逐一短接，检查确定是否有线路虚接或异常。
525,发电机超速,"发电机编码器故障；联轴器或测量回路线路松动；编码器外接线屏蔽不好；编码器壳体对地不绝缘（如：天元编码器联轴器安装不规范，导致编码器转轴接地）；线路松动；测速器件损坏（如：编码器，变频器测速板）；编码器供电电源不稳；编码器固定松动；电磁干扰等。
",1.检查编码器固定是否正常。2.检查编码器外接电缆屏蔽线接地电阻是否小于0.3欧（PM1000机组）。3.检查编码器至变频器间通讯线及插头是否松动或工作异常。4.检查编码器外壳对地电阻，正常为无穷大。5.检查发电机振动、噪音是否较大（如天元电机轴承不好引起噪音和振动，导致转速信号突变）6.检查发电机与齿轮箱之间的联轴器是否固定松动。7.检查变频器测速版是否正常。8.检查变频器到超速继电器及PLC之间的线路是否松动。9.检查编码器供电电源是否稳定。10.检查发电机编码器及固定是否有问题，天元电机早期使用的小编码器安装工艺有问题，建议更换为永济电机使用的大编码器（莱纳林德厂家）。11.如果阵风引起，检查程序版本是否较旧。12.检查叶片零位是否校正准确。
526,振动传感器触发,发电机底部振动传感器回路触发,1.检查发电机底部振动传感器及其回路2.检查机组实际振动
527,叶轮超速,叶轮转速突变或超过限制值,1.检查叶轮转速。2.检查NCC310-K228.6继电器是否正常。3.检查TURCK继电器是否正常。
528,安全链无法复位，PLC主站E62.09指示灯不亮 ,电气元件损坏（浪涌保护器）,1.检查滑环上-X4通道6线路上的电线连接及线路上的所有浪涌保护器2.如果NCC310柜门自动/手动 钥匙在手动位置，则服务模式下转速高于500rpm时会产生此故障。将自动/手动 钥匙转到自动即可。
528,安全链无法复位，PLC主站E62.09指示灯不亮,WTDI92/WTAI91上插头松动，或硬件损坏,1.检查WTDI92/WTAI91上插头及线路                      2.更换硬件
529,制动器报死,线路原因,1.检查制动器开/关传感器线路及液压油位是否正常。2.风机紧急停机、制动停机、制动器故障均会出现该故障号，复位即可。              
530,超越工作位置,电气元件损坏（滑环）；程序中变桨减速机减速比选错,1.叶片的工作位置应大于-1度，当叶片到达-4度时，限位开关激活，故障产生。检查限位开关回路2.滑环传输信号故障3.更正程序中变桨减速机减速比4.检查PLC检测Err18故障的端口（working position）-浪涌-滑环-轮毂柜-滑环-F238.2之间相关线路及器件是否有问题。5.检查轮毂内控制柜之间的电缆是否固定良好（扎带固定好，不会来回甩动）。
531,轮毂驱动/转速高时报；轮毂内K21.3等继电器不吸合或瞬间断开；频报或无法复位,电气元件质量问题（滑环）；电缆没固定好或质量问题；安全链中断,1.检查滑环上-X4通道3和4线路上的电线连接及线路上的所有浪涌保护器2.检查安全链回路F238.2-滑环-轮毂柜-滑环-PLC之间的相关线路是否断开或虚接。3.检查轮毂内接触器是否吸合。如未吸合，检查接触器线圈供电。4.检查给K21.3供电的230V-L、N回路线路是否虚接。 5.检查轮毂内控制柜之间的电缆是否固定良好（扎带固定好，不会来回甩动）。                             
532,运行过程中报此故障,24V继电器损坏,1.检查24V继电器是否正常，如异常，更换。2.如机组刚送电或其他故障后产生该故障，bachmann机组需要等待8秒左右才能复位该故障。
533,柜内24V保险,柜内24Vdc保险反馈异常,1.检查NCC310柜内F228.2至A240.3-EA63.03（I24Fus1）的线路是否正常。2.检查NCC310柜内F228.2保险是否有问题。3.检查F217.4保险至PLC模块i24Fus001端口线路是否正常；检查F217.4保险是否烧坏，如果F217.4保险烧坏，检查保险下端回路是否存在接地点（如：机械锁线圈阻值偏低等）。
534,柜外24V保险,柜外24Vdc保险反馈异常,1.检查NCC310柜内F222.5至A250.3-E62.08（H35）的线路是否正常。2.检查NCC310柜内F222.5保险是否有问题。3.检查NCC310柜内F222.5保险下端是否接地或短路。4.如果打雷引起NCC310柜内F222.5保险烧坏，重点检查制动器压力开关、凸轮编码器是否正常，有无接地。
536,启动变频器到网侧同步时，报此故障，当时变频器状态为S4（Transition state， wait until line contactor is open）,更换网侧接触器时，换错型号（24V的接触器被换成230V的，外形一样）,1.检查网侧接触器型号是否正确，PM3000W机组为24Vdc接触器，其他机组为230Vac接触器。2.检查网侧接触器吸合是否正常。3.检查网侧接触器反馈是否正常。
536,lsc一启动变频柜就一声巨响，同时crowbar单元0.3Ω的放电电阻烧坏。,定子接触器损坏，只给出230的电就能吸合。,1.更换定子接触器控制板或联系ABB厂家处理。
536,车间测试时总烧滤波电阻,网侧电抗问题,1.更换网侧电抗
537,变频器请求功率与实际功率不符,实测功率与变频器理论功率偏差过大,"1.检查三相电网电流是否平衡。2.检查显示的三相电网电流与实际值是否相符（钳流表测得单根150电缆上的电流为面板显示电网相电流的1/5左右）。3.检查电流互感器至变频器之间的接线是否有问题、顺序是否正确（PM3000机组的图纸中，300柜内电流互感器到变频器J26口接线是错误的，应该为1-cur-trans-a1接-V308.2-J26的2#口、1-cur-trans-b1接-V308.2-J26的1#口，2-cur-trans-a接-V308.2-J26的4#口、2-cur-trans-b接-V308.2-J26的3#口，3-cur-trans-a1接-V308.2-J26的6#口、3-cur-trans-b1接-V308.2-J26的5#口）。4.如果功率时正时负波动大，检查发电机编码器及其固定是否有问题。5.检查网侧变频器电流检测板。
6.更换网侧变频器。"
538,风速仪24V保险,PLC检测到风速仪保险无反馈,1.检查是否有风速显示，如无风速，检查风速仪供电保险是否烧坏，保险正常为4A。如有风速，检查风速仪保险信号反馈是否松动（I24Fus3）。
541,350A保险烧坏1-2个,网侧接触器相间绝缘差；网侧接触器下端电缆被网侧电抗边沿磨破。滤波回路1欧姆电阻烧坏。,1.更换网侧接触器。2.处理好电缆安装位置，做好绝缘保护。3.检查滤波回路1欧姆电阻是否正常，如损坏，更换时必须均匀涂抹导热硅胶，且固定螺丝必须拧紧（原先梅花螺丝不易拧紧，建议使用内六角螺丝紧固）。
542,安全链回路F230.4保险反馈,NCC310-F230.4至数字量模块A260.3-E10.01的24V反馈信号丢失,1.检查F230.4至数字量模块A260.3-E10.01（I24Fus4）线路是否正常。2.检查F230.4保险是否正常（ABB 2A/bachmann3.15A）。
543,变桨通讯中断,变桨变频器与PLC间通讯中断,1.如有变桨子故障，参考变桨故障处理手册。2.如果Lenze系统做Crowbar测试报，检查Crowbar测试时，24V电源是否下降很大（如：降到13V左右），导致变桨变频器电源瞬间供电不足。3.如果一偏航就报，检查偏航启动时，变桨通讯线缆CAN—H与CAN—L间的电阻跳变，正常为120欧姆。如果跳变，分段检查问题产生点。4.检查轮毂内控制柜之间的电缆是否固定良好（扎带固定好，不会来回甩动）。
544,变桨通讯中断,变桨变频器与PLC间通讯中断,1.如有变桨子故障，参考变桨故障处理手册。2.如果Lenze系统做Crowbar测试报，检查Crowbar测试时，24V电源是否下降很大（如：降到13V左右），导致变桨变频器电源瞬间供电不足。3.如果一偏航就报，检查偏航启动时，变桨通讯线缆CAN—H与CAN—L间的电阻跳变，正常为120欧姆。如果跳变，分段检查问题产生点。4.检查轮毂内控制柜之间的电缆是否固定良好（扎带固定好，不会来回甩动）。
545,变桨通讯中断,变桨变频器与PLC间通讯中断,1.如有变桨子故障，参考变桨故障处理手册。2.如果Lenze系统做Crowbar测试报，检查Crowbar测试时，24V电源是否下降很大（如：降到13V左右），导致变桨变频器电源瞬间供电不足。3.如果一偏航就报，检查偏航启动时，变桨通讯线缆CAN—H与CAN—L间的电阻跳变，正常为120欧姆。如果跳变，分段检查问题产生点。4.检查轮毂内控制柜之间的电缆是否固定良好（扎带固定好，不会来回甩动）。
546,制动器超速,电气元件损坏（滑环）/滑环固定不好,1.检查滑环是否固定良好、支撑杆是否松动、万向节活动是否灵活、与齿轮箱连接的支撑杆是否在齿轮箱侧加装30mm螺母。2.检查滑环编码器到机舱控制柜间的接线是否松动。3.检查制动器间隙是否正常、制动盘是否摩刹车片。4.检查滑环编码器及其供电是否有问题。5.检查轮毂超速继电器、设置值及接线是否正常。6.检查超速继电器外接1k电阻是否正常（turck）。
547,安全链断开，无法复位。直译，三个叶片均故障,安全链回路断开,1.检查PLC Err35故障检测端口（all 3 blades error）-浪涌-滑环-轮毂柜-滑环-浪涌回路线路及器件是否正常。 2.检查轮毂柜内K25.7/K35.7/K45.7是否正常3.检查轮毂内控制柜之间的电缆是否固定良好（扎带固定好，不会来回甩动）。
548,自检就报,.6和.7传感器的位置装反；传感器长度与制动器不匹配,1.检查制动器传感器安装位置是否正确（正确的为长杆在中间，图纸代号为S222.6；短杆在旁边且有附件杆，图纸代号为S222.7）。2.bachmann简版机组程序问题，更新PLC程序到C14.143 20120427之后版。3.更换传感器或制动器
549,机舱位置超出，偏航零位丢失,急停未拍下时，解缆保护信号触发超过2s,1.如果故障不可复位，可能偏航凸轮开关设置或调节有误，偏航左、右极限位置的触发应先于解缆位置保护，即图纸中1、2号凸轮环应先于3号凸轮环触发。建议在电缆完全垂直状态下，重新调整偏航凸轮开关。2.如果故障可复位，检查偏航电机刹车反馈回路是否有接地，导致偏航变频器20号端子无24V输出。找到接地点，处理好即可。
550,变桨1/2/3停止超时,桨叶在S3安全链停止状态中或S4正常停止状态中超时。,1.检查是否卡桨，如是扭矩高导致卡桨，加注润滑油，若不是可以更新程序。2.lenze系统报此故障可能电机刹车扭矩不够导致划桨产生，可以更新程序，如不管用，建议更换电机。3.如果卡桨不能动弹，建议拆下变桨电机，手动盘变桨轴，看是否是减速机问题。
551,变桨1/2/3寻找参考位置超时,变桨在30秒内，找不到参考位置(b变桨一直在S7-Making reference状态),1.根据《1.5MW机组KEB变桨过电流等问题参数优化20120308.pdf方案》升级优化变桨参数。2.更新PLC程序。3.如果叶片卡死，手动变桨脱离卡死位置。4.加注变桨润滑油。5.拆下变桨电机，手动盘变桨轴。
552,变桨1/2/3故障,电气元件损坏,1.检查安全链回路浪涌保护器。2.检查安全链回路继电器。3.检查安全链回路线路连接，PLC 故障检测端口（storage relay）-浪涌-滑环-轮毂柜-滑环-浪涌回路线路及器件是否正常。4.检查轮毂内控制柜之间的电缆是否固定良好（扎带固定好，不会来回甩动）。
553,变桨1/2/3停止超时,桨叶在S3安全链停止状态中或S4正常停止状态中超时。,1.检查是否卡桨，如是扭矩高导致卡桨，加注润滑油，若不是可以更新程序。2.lenze系统报此故障可能电机刹车扭矩不够导致划桨产生，可以更新程序，如不管用，建议更换电机。3.如果卡桨不能动弹，建议拆下变桨电机，手动盘变桨轴，看是否是减速机问题。
554,变桨1/2/3寻找参考位置超时,"变桨在30秒内，找不到参考位置(b变桨一直在S7-Making reference
状态)",1.根据《1.5MW机组KEB变桨过电流等问题参数优化20120308.pdf方案》升级优化变桨参数。2.更新PLC程序。3.如果叶片卡死，手动变桨脱离卡死位置。4.加注变桨润滑油。5.拆下变桨电机，手动盘变桨轴。
555,变桨1/2/3故障,电气元件损坏,1.检查安全链回路浪涌保护器。2.检查安全链回路继电器。3.检查安全链回路线路连接，PLC 故障检测端口（storage relay）-浪涌-滑环-轮毂柜-滑环-浪涌回路线路及器件是否正常。4.检查轮毂内控制柜之间的电缆是否固定良好（扎带固定好，不会来回甩动）。
556,变桨1/2/3停止超时,桨叶在S3安全链停止状态中或S4正常停止状态中超时。,1.检查是否卡桨，如是扭矩高导致卡桨，加注润滑油，若不是可以更新程序。2.lenze系统报此故障可能电机刹车扭矩不够导致划桨产生，可以更新程序，如不管用，建议更换电机。3.如果卡桨不能动弹，建议拆下变桨电机，手动盘变桨轴，看是否是减速机问题。
557,变桨1/2/3寻找参考位置超时,"变桨在30秒内，找不到参考位置(b变桨一直在S7-Making reference
状态)",1.根据《1.5MW机组KEB变桨过电流等问题参数优化20120308.pdf方案》升级优化变桨参数。2.更新PLC程序。3.如果叶片卡死，手动变桨脱离卡死位置。4.加注变桨润滑油。5.拆下变桨电机，手动盘变桨轴。
558,变桨1/2/3故障,电气元件损坏,1.检查安全链回路浪涌保护器。2.检查安全链回路继电器。3.检查安全链回路线路连接，PLC 故障检测端口（storage relay）-浪涌-滑环-轮毂柜-滑环-浪涌回路线路及器件是否正常。4.检查轮毂内控制柜之间的电缆是否固定良好（扎带固定好，不会来回甩动）。
560,变桨1/2/3手动操作盒连接,系统检测到变桨手动操作盒连接，此故障用于防止操作盒连接时机组误启机。,1.检查变桨1/2/3手动操作盒是否连接到变桨控制柜。
561,变桨1/2/3驱动故障,变桨驱动出问题，具体原因参考变桨子故障,1.检查核对变桨子故障。2.如果三个故障同时报，检查滑环是否有问题。3.检查轮毂内控制柜之间的电缆是否固定良好（扎带固定好，不会来回甩动）。
563,变桨1/2/3手动操作盒连接,系统检测到变桨手动操作盒连接，此故障用于防止操作盒连接时机组误启机。,1.检查变桨1/2/3手动操作盒是否连接到变桨控制柜。
564,变桨1/2/3驱动故障,变桨驱动出问题，具体原因参考变桨子故障,1.检查核对变桨子故障。2.如果三个故障同时报，检查滑环是否有问题。3.检查轮毂内控制柜之间的电缆是否固定良好（扎带固定好，不会来回甩动）。
566,变桨1/2/3手动操作盒连接,系统检测到变桨手动操作盒连接，此故障用于防止操作盒连接时机组误启机。,1.检查变桨1/2/3手动操作盒是否连接到变桨控制柜。
567,变桨1/2/3驱动故障,变桨驱动出问题，具体原因参考变桨子故障,1.检查核对变桨子故障。2.如果三个故障同时报，检查滑环是否有问题。3.检查轮毂内控制柜之间的电缆是否固定良好（扎带固定好，不会来回甩动）。
568,变桨1/2/3位置延时故障,PLC计算的变桨角度与实际变桨角度偏差2度超过1秒,1.检查变桨轴承是否正常。2.检查变桨变频器到变桨电机的电源线及连接。3.检查变桨变频器到变桨电机的编码器线线及连接。
569,变桨1/2/3位置延时故障,PLC计算的变桨角度与实际变桨角度偏差2度超过1秒,1.检查变桨轴承是否正常。2.检查变桨变频器到变桨电机的电源线及连接。3.检查变桨变频器到变桨电机的编码器线线及连接。
570,变桨1/2/3位置延时故障,PLC计算的变桨角度与实际变桨角度偏差2度超过1秒,1.检查变桨轴承是否正常。2.检查变桨变频器到变桨电机的电源线及连接。3.检查变桨变频器到变桨电机的编码器线线及连接。
571,变桨慢速不同步,变桨在工作位置状态未限制角度时，三个桨叶角度偏差1度大于1秒,1.更新PLC程序。2.进行静态测试，反复手动变桨，通过控制面板观察三个叶片的变化角度，各个叶片的角度差是否大于1度。若是，可能滑环损坏。                                                           
572,变桨快速不同步,变桨在工作位置状态未限制角度时，三个桨叶角度偏差1度大于0.5秒,1.更新PLC程序。2.进行静态测试，反复手动变桨，通过控制面板观察三个叶片的变化角度，各个叶片的角度差是否大于1度。若是，可能滑环损坏。
573,顺桨速度未达到最大额定值,叶片回到顺桨位置的速到没到达到额定设置的最大值,1.检查变桨轴承。2.检查变桨减速机。
574,变桨1/2/3停止位置错误,变桨停止位置与实际停止参考角度误差大于0.1度,"1.加变桨油脂。2.按照《1.5MW机组KEB变桨过电流等问题参数优化20120308.pdf》，检查变桨变频器参数。
3.检查变桨轴承。"
575,变桨1/2/3停止位置错误,变桨停止位置与实际停止参考角度误差大于0.1度,"1.加变桨油脂。2.按照《1.5MW机组KEB变桨过电流等问题参数优化20120308.pdf》，检查变桨变频器参数。
3.检查变桨轴承。"
576,变桨1/2/3停止位置错误,变桨停止位置与实际停止参考角度误差大于0.1度,"1.加变桨油脂。2.按照《1.5MW机组KEB变桨过电流等问题参数优化20120308.pdf》，检查变桨变频器参数。
3.检查变桨轴承。"
577,变桨1/2/3在停止状态下接近开关没有激活,变桨状态在S6时，接近开关反馈出错,1.按照《1.5MW机组KEB变桨过电流等问题参数优化20120308.pdf》，检查变桨变频器参数。2.如果叶片停在9点方向报此故障，可能是刹车未关闭导致，检查继电器K25.8/K35.8/K45.8是否正常。3.检查是否划桨（特别是lenze电机），可能是变桨电机刹车扭矩不够导致划桨。                         
578,变桨1/2/3在停止状态下接近开关没有激活,变桨状态在S6时，接近开关反馈出错,1.按照《1.5MW机组KEB变桨过电流等问题参数优化20120308.pdf》，检查变桨变频器参数。2.如果叶片停在9点方向报此故障，可能是刹车未关闭导致，检查继电器K25.8/K35.8/K45.8是否正常。3.检查是否划桨（特别是lenze电机），可能是变桨电机刹车扭矩不够导致划桨。                         
579,变桨1/2/3在停止状态下接近开关没有激活,变桨状态在S6时，接近开关反馈出错,1.按照《1.5MW机组KEB变桨过电流等问题参数优化20120308.pdf》，检查变桨变频器参数。2.如果叶片停在9点方向报此故障，可能是刹车未关闭导致，检查继电器K25.8/K35.8/K45.8是否正常。3.检查是否划桨（特别是lenze电机），可能是变桨电机刹车扭矩不够导致划桨。                         
580,变桨1/2/3在安全链停止ok状态下接近开关没有激活,变桨状态在S5时，接近开关反馈出错,1.按照《1.5MW机组KEB变桨过电流等问题参数优化20120308.pdf》，检查变桨变频器参数。2.如果叶片停在9点方向报此故障，可能是刹车未关闭导致，检查继电器K25.8/K35.8/K45.8是否正常。3.检查是否划桨（特别是lenze电机），可能是变桨电机刹车扭矩不够导致划桨。                             
581,变桨1/2/3在安全链停止ok状态下接近开关没有激活,变桨状态在S5时，接近开关反馈出错,1.按照《1.5MW机组KEB变桨过电流等问题参数优化20120308.pdf》，检查变桨变频器参数。2.如果叶片停在9点方向报此故障，可能是刹车未关闭导致，检查继电器K25.8/K35.8/K45.8是否正常。3.检查是否划桨（特别是lenze电机），可能是变桨电机刹车扭矩不够导致划桨。                             
582,变桨1/2/3在安全链停止ok状态下接近开关没有激活,变桨状态在S5时，接近开关反馈出错,1.按照《1.5MW机组KEB变桨过电流等问题参数优化20120308.pdf》，检查变桨变频器参数。2.如果叶片停在9点方向报此故障，可能是刹车未关闭导致，检查继电器K25.8/K35.8/K45.8是否正常。3.检查是否划桨（特别是lenze电机），可能是变桨电机刹车扭矩不够导致划桨。                             
583,高速快停超时, ---,1.检查变桨扭矩。2.检查变桨爱那个轴承润滑。
584,高速慢停超时, ---,同上
585,高速完全停止超时, ---,1.检查变桨扭矩。2.检查变桨爱那个轴承润滑。
586,低速完全停止超时, ---,同上
587,高速安全链停机超时, ---,同上
588,低速安全链停机超时, ---,同上
589,静态时，网侧电流偏高,网侧变频器电流测量问题,1.手动测试Crowbar，看静态时lsccur是否小于50A，如果lsccur为300多安培，建议更换LSC。2.如果lsccur在30-50A之间报故障，建议更换新版PLC程序。3.变频器断电。4.更换LSC。
590,静态时，机侧电流偏高,机侧变频器电流测量问题,1.手动测试Crowbar，看静态时gsccur是否小于50A，如果gsccur为300多安培，建议更换GSC。2.如果gsccur在30-50A之间报故障，建议更换新版PLC程序。3.变频器断电4.更换GSC
591,预充电时直流母排电压为960V左右，到LSC Low  Load(变频器菜单第二行的state为Line  filter  loading)时母排电压下降到777V到810V左右。,网侧电抗问题,"1.如果断开滤波回路125A保险后正常，检查滤波回路1欧电阻、0.1微法电容及其它器件。2.如果断开滤波回路125A保险无效果，断开网侧变频器交流母排外接电缆后正常，检查网侧电抗是否有问题。

"
592,偏航变频器供电接触器故障,偏航变频器接触器反馈错误,1.检查偏航变频器接触器供电及反馈回路是否正常。2.检查偏航变频器接触器是否正常。
594,轮毂转速波动超过限值,系统测得轮毂滑环编码器转速超过限值,1.检查滑环的固定，支撑杆应紧固，滑环在旋转方向上应能够轻微旋动。2.检查RotSpe1和RotSpe2信号，如有一路失真，则可能是滑环编码故障。3.检查turck继电器及接线是否正常。
595,变桨1/2/3控制柜温度高超时,变桨变频器风扇损坏或变频器损坏,1.检查变桨变频器风扇。2.检查变桨变频器。
596,变桨1/2/3控制柜温度高超时,变桨变频器风扇损坏或变频器损坏,1.检查变桨变频器风扇。2.检查变桨变频器。
597,变桨1/2/3控制柜温度高超时,变桨变频器风扇损坏或变频器损坏,1.检查变桨变频器风扇。2.检查变桨变频器。
598,平均变桨转矩故障,平均变桨扭矩大于限值超时,1.更新PLC程序。2.检查变桨扭矩是否正常。
599,柜内冷却风扇接触器故障,,
600,齿轮箱加热器线路故障,,
601,变频器供电保险断开,,
603,齿轮箱油压低,转速大于100rpm时，齿轮箱油压小于0.5bar超过1min,1.检查齿轮箱油压传感器接线。2.检查油压传感器供电电源。3.检查油泵电机工作是否正常。4.检查程序中传感器选型（数字量/模拟量是否选错，OilPreSenDig为False时表示模拟量油压传感器，反之为数字量油压传感器）。5.数字量油压传感器设置方法：按住moder，然后给传感器通电。SP1:0.6； HY1:0.1； SP2:15； HY2:0.5；s1:on；  s2:off；继续连续按几次moder至END。将NO改为YES。所有的设置均保存。油压传感器的连线图参见017. 0034.01A的X226.5。
604,齿轮油泵未转时，油压大于0.5bar超过1min,线路接错或程序问题,1.检查油压传感器接线。2.如为数字量油压传感器，检查油压数字量油压传感器设置值。检查油压传感器显示屏显示值与控制面板显示值是否一致。3.检查程序中传感器选型（数字量/模拟量是否选错，OilPreSenDig为False时表示模拟量油压传感器，反之为数字量油压传感器）。
605,齿轮箱加热超时,齿轮箱加热时间超过6h,1.检查齿轮箱加热回路线路是否正常。2.检查齿轮箱加热器是否正常。
606,电池充电超时,蓄电池充电时间超过6h,1.检查电池充电回路线路。2.检查充电回路电阻阻值。3.检查充电回路继电器、接触器。4.检查电池实际电压在充电状态下是否上涨。
608,轮毂速度信号差异,SpeRot1与SpeRot2之间差值大于100rpm超过1s,1.检查TRUCK超速继电器及其调节值是否正常。2.检查滑环编码器信号反馈是否正常。                                                
609,叶轮转速信号1反馈错误,A240.3-EW6.00接收到的叶轮转速1信号反馈小于4mA,1.检查B234.4 turck继电器到PLC的线路。2.检查B234.4 turck供电电源。3.更换B234.4 turck继电器
610,叶轮转速信号2反馈错误,A240.3-EW6.01接收到的叶轮转速2信号反馈小于4mA,1.检查B234.6 turck继电器到PLC的线路。2.检查B234.6 turck供电电源。3.更换B234.6 turck继电器
612,塔基UPS报警,塔基柜UPS报警信号触发,1.检查塔基柜UPS是否报警。2.检查塔基柜UPS反馈信号是否正常。
613,塔基电源供应断路器,塔基电源断路器反馈信号触发,1.检查电源断路器及反馈信号是否正常。
615,NCC310柜急停按钮触发,NCC310柜急停按钮拍下或线路问题,1.检查NCC310柜急停按钮是否拍下。2.检查急停按钮反馈回路24Vdc是否正常。3.检查急停及急停反馈线路是否正常。
616,齿轮箱侧急停按钮触发,齿轮箱左右侧急停按钮拍下或线路问题,1.检查齿轮箱急停按钮是否拍下。2.检查急停按钮反馈回路24Vdc是否正常。3.检查急停及急停反馈线路是否正常。
617,TBC100柜急停触发,TBC100柜急停按钮拍下或线路问题,1.检查塔基柜急停按钮是否拍下。2.检查急停按钮反馈回路24Vdc是否正常。3.检查急停及急停反馈线路是否正常。
618,电池电压高,电池电压大于450V超过0.5s,1.检查电池电压测量回路电阻是否正常（220K±3K/4.7K±0.2K）。2.检查电池电压测量回路线路连接是否正常。3.检查电池电压测量回路电压/电流变送器是否正常。
619,箱变温度过高,系统检测到箱变温度低于-20度或高于155度,1.检查系统接收的箱变绕组温度信号是否使用100欧电阻替代，若是，检查电阻接线是否正常。若否，检查箱变实际反馈的信号是否正常。2.检查测温回路浪涌是否正常。                       
620,发电机绕组U/V/W温度故障,发电机绕组温度小于-50或大于250度,1.检查发电机绕组测温PT100至PLC模块间线路。2.测量发电机绕组测温PT100阻值，0度时电阻为100欧左右，温度每上升1度，电阻值上升0.39欧。3.如果PT100损坏，改接线到备用PT100，如果同相绕组的2个PT100均损坏，联系发电机厂家解决。
621,发电机绕组U/V/W温度故障,发电机绕组温度小于-50或大于250度,1.检查发电机绕组测温PT100至PLC模块间线路。2.测量发电机绕组测温PT100阻值，0度时电阻为100欧左右，温度每上升1度，电阻值上升0.39欧。3.如果PT100损坏，改接线到备用PT100，如果同相绕组的2个PT100均损坏，联系发电机厂家解决。
622,发电机绕组U/V/W温度故障,发电机绕组温度小于-50或大于250度,1.检查发电机绕组测温PT100至PLC模块间线路。2.测量发电机绕组测温PT100阻值，0度时电阻为100欧左右，温度每上升1度，电阻值上升0.39欧。3.如果PT100损坏，改接线到备用PT100，如果同相绕组的2个PT100均损坏，联系发电机厂家解决。
623,发电机驱动端轴承温度故障,发电机驱动端轴承温度小于-50或大于250度,1.检查发电机驱动端轴承测温PT100至PLC模块间线路。2.测量发电机驱动端轴承测温PT100阻值，0度时电阻为100欧左右，温度每上升1度，电阻值上升0.39欧。3.如果PT100损坏，改接线到备用PT100，如果同相绕组的2个PT100均损坏，联系发电机厂家解决。
624,发电机非驱动端轴承温度故障,发电机非驱动端轴承温度小于-50或大于250度,1.检查发电机非驱动端轴承测温PT100至PLC模块间线路。2.测量发电机非驱动端轴承测温PT100阻值，0度时电阻为100欧左右，温度每上升1度，电阻值上升0.39欧。3.如果PT100损坏，改接线到备用PT100，如果同相绕组的2个PT100均损坏，联系发电机厂家解决。
625,齿轮箱轴承温度故障,齿轮箱轴承温度小于-50或大于250度,1.检查齿轮箱轴承测温PT100至PLC模块间线路。2.测量齿轮箱轴承测温PT100阻值，0度时电阻为100欧左右，温度每上升1度，电阻值上升0.39欧。3.如果PT100损坏，改接线到备用PT100（一个传感器内部有两组接线，代表两个PT），如果2个PT均损坏，更换PT。
626,齿轮油温故障,齿轮箱油温温度小于-50或大于250度,1.检查齿轮箱油温测温PT100至PLC模块间线路。2.测量齿轮箱油温测温PT100阻值，0度时电阻为100欧左右，温度每上升1度，电阻值上升0.39欧。3.如果PT100损坏，改接线到备用PT100（一个传感器内部有两组接线，代表两个PT），如果2个PT均损坏，更换PT。
627,电池电压低,电池电压小于100V超过1s或电池电压小于330V超过20s,"1.检查电池柜内空开及NCC310柜电池开关是否闭合。2.检查电池实际电压是否与显示电压一直。
3.检查电池柜内每组电池电压是否差别很大。4.检查电池电压测量回路电阻是否正常（220K±3K/4.7K±0.2K）。5.检查电池电压测量回路线路连接是否正常。6.检查电池电压测量回路电压/电流变送器是否正常。
7.检查电网断电后电池切出保护功能是否正常（停电时，ABB、bachmann简版机组延时5-10min切出，bachmann+PM3000W机组延时5mink210.5机械锁动作，延时15-20min机舱断电，延时30min塔基断电）。"
628,机舱温度高,机舱温度大于55度,"1.检查机舱测温PT100接线及阻值。
2.检查机舱实际温度是否确实高，检查油冷扇热器帆布是否安装不好，导致热风吹到机舱内部。"
629,机舱温度故障,机舱温度小于-50度或大于250度,1.检查机舱测温PT100接线及阻值。
630,机侧电抗温度高,机侧电抗温度大于155度,"1.检查机侧电抗测温PT100是否正常。
2.检查机侧电抗测温PT100至PLC模块间线路是否正常。
3.检查水冷系统及NCC320柜内风扇是否正常。
4.bachmann+PM3000W机组检查电抗上端风扇是否工作正常。"
631,滤波保险故障,滤波保险反馈出错,"1.检查滤波回路保险及反馈信号是否正常。可能是1欧滤波电阻烧坏引起保险烧坏。更换滤波电阻时必须均匀涂抹导热硅胶，且固定螺丝必须拧紧（原先梅花螺丝不易拧紧，建议使用内六角螺丝紧固）。
2.如果仅仅是反馈信号出问题，滤波保险正常，建议将该反馈信号去除（017[1].0034.02B版图纸开始已经不检测该反馈信号）。"
632,发电状态下定子断路器反馈信号丢失,发电状态下定子断路器反馈信号异常,1.检查定子断路器反馈信号是否正常。
633,环境温度高,环境温度大于50度,"1.检查环境PT100及其线路是否正常。
2.如果使用Thies风速仪测量环境温度，建议技改为外接PT测温。
3.如果已经技改为外接PT测温，检查程序中是否设置为外接PT测温。"
634,发电机温度高,发电机绕组最高温度大于155度,"1.检查发电机三相绕组温度是否有高于155度，如有，检查对应项测温PT及线路。
2.测量对应PT100阻值，0度时电阻为100欧左右，温度每上升1度，电阻值上升0.39欧。
3.如果PT100损坏，改接线到备用PT100，如果备用PT也损坏，联系发电机厂家解决。"
635,发电机轴承温度高,发电机轴承温度大于110度,"1.检查发电机轴承温度是否有高于110度，如有，检查对应测温PT及线路。
2.测量对应PT100阻值，0度时电阻为100欧左右，温度每上升1度，电阻值上升0.39欧。
3.如果PT100损坏，改接线到备用PT100，如果备用PT也损坏，联系发电机厂家解决。"
636,齿轮箱油温高,齿轮箱油温大于80度,"1.检查油冷风扇电机是否接在高速侧，风扇转向是否正确（正常是往外抽风）。
2.检查轴温PT100接线是否松动，测出的温度与实际温度是否相符。
3.检查油温PT和轴温PT是否接反。
4.测量轴温PT100阻值，0度时电阻为100欧左右，温度每上升1度，电阻值上升0.39欧。
5.如果PT100损坏，改接到备用PT100，如果备用PT也损坏，更换PT。
6.检查油冷部分，包括油冷风扇/管路/散热片，可通过手动启动风扇的方法判断其是否运行，手摸油管判断油是否流经散热片，如果油没有流经大循环，散热片接入油管温度会不高，可能是油冷泵的温控阀损坏，需更换温控阀。
7.检查油冷散热片是否堵塞，灰层是否较多，若是，需及时清洗。
8.如果油压很低，检查油过滤器滤芯是否有问题。
"
637,机舱控制柜温度高,机舱控制柜温度大于65度,"1.检查机舱控制柜NCC300-320温度是否有大于65的。
2.机舱控制柜NCC300-320测温PT及接线是否正常。
3.检查水冷系统是否正常。
4.检查机舱控制柜内加热器是否一直工作，若是，检查温控开关及调节值是否正常（机舱控制柜内温控开关设定值在5-10度为宜，太低对电气元件工作不利，送电瞬间易烧坏电源等）。
5.检查柜内风扇工作是否正常。
6.检查柜内温控开关设定值及工作是否正常。"
638,齿轮箱轴承温度高,齿轮箱轴承温度大于95度,"1.检查油冷风扇电机是否接在高速侧，风扇转向是否正确（正常是往外抽风）。
2.检查油温PT100接线是否松动，测出的温度与实际温度是否相符。
3.测量油温PT100阻值，0度时电阻为100欧左右，温度每上升1度，电阻值上升0.39欧。
4.如果PT100损坏，改接到备用PT100，如果备用PT也损坏，更换PT。
5.检查油冷部分，包括油冷风扇/管路/散热片，可通过手动启动风扇的方法判断其是否运行，手摸油管判断油是否流经散热片，如果油没有流经大循环，散热片接入油管温度会不高，可能是油冷泵的温控阀损坏，需更换油冷泵。 6.如果油压很低，检查油过滤器滤芯是否有问题。"
639,刹车片磨损大于2mm,,"1.检查S222.6（安装在制动器中间位置的传感器）刹车报警传感器线路。
2.检查S222.6传感器固定是否松动。
3.检查刹车片是否磨损到需要更换。
+H107"
640,制动泵无压力,PLC模块接收不到制动泵压力反馈,"1.检查制动器液压油位、压力传感器供电及反馈信号
2.将+NCC310柜门上开关打到手动，手动反复启动制动器，同时测量制动器反馈24VDC信号，制动器打开时，应有反馈24VDC信号。
3.检查制动器压力开关反馈信号接线，通常为棕色线brown: +TB300-X222.3:3 / 蓝色线blue: +TB300-X222.3:2 / 黑色线black: +TB300-X222.3:4。有时候反馈线的延时不是黑色，可能是白色。
4.如果雷雨天气导致，可能是压力开关受雷击损坏，建议更换并及时做好防雷技改和零地分离技改。
5.更换防雷能力强的制动器压力传感器。"
641,安全链没有检测到制动器关闭,机组手动/自动转换开关在自动档时，Ibra反馈为0V，但是ISafBraPos有24V。,"1.检查PLC A240.3-E62.14 (ISafBraPos)端口是否有24Vdc信号反馈。
2.检查k228.8继电器工作是否正常。
3.检查制动器位置传感器S222.7至A240.3-E62.03 (IBra)端口线路是否松动。
4.检查k246.1:11至k228.8:14间线路是否正常。"
642,齿轮箱油位低,油位传感器信号触发或线路松动,"1.检查实际油位是否低（油温在20度左右时，油位处于油位计的红色标记范围或2/3处为宜，刚吊装机组建议：冬季加到2/3, 夏季加到4/5）。
2.检查是否漏油、渗油。
3.检查油位开关供电是否正常。
4.检查油位开关至PLC模块间线路是否松动。
5.如果不漏油且油温在35度以下报此故障，建议更新PLC程序。
6.如果齿轮箱厂家为南高齿，可能是油位开关本身质量问题，建议更换新型油位计或联系厂家更换新型油位计。"
643,齿轮箱油温大于90度,齿轮箱油温开关触发或线路松动,"1.检查故障发生时实际油温、轴温是否大于90度。
2.检查GB300-S226.3油温开关电源是否正常。
3.检查GB300-S226.3油温开关至PLC模块IGeaTem端口线路是否松动。
4.检查油温开关工作是否正常（小于90度时为常闭点）。"
644,刹车泵断路器,制动泵电机保护空开（电机启动器）反馈信号错误,"1.检查制动泵电机空开是否跳闸，如果跳闸，检查空开下端是否存在接地点（如：接触器损坏、线路接地、短路、制动泵电机损坏等）。
2.检查制动泵电机保护空开反馈IBraPumFus是否正常，线路是否松动。"
645,预充电旁路接触器,预充电旁路接触器状态错误,"1.检查预充电旁路接触器K340.3控制及反馈是否正常。
2.检查预充电旁路接触器K340.3是否正常。"
647,"电池检测失败三次,低电压",电池测试中高低负载电压偏差不符合要求,"1.检查电池电压测试电阻是否正常（2个100欧并联,R202.4和R202.5)。
2.检查蓄电池柜温度是否低于5度，若是等待加热，如果温度不上升，检查电池柜内加热器工作是否正常。
3.检查NCC310柜内K257.4/K212.2是否正常。
4.检查NCC310柜内K212.4辅助触点是否正常。
bachmann PM3000W机组电池测试接触器动作过程如下：
快充--K210.5断开瞬间再吸合--K212.2吸合，再断开。"
651,自动刹车调节,PLC接收的刹车自动调节信号丢失,"1.检查PLC A240.3-E62.04 (IBraAdj)端口是否有24Vdc信号反馈。
2.检查制动器位置传感器S222.7至A240.3-E62.04 (IBraAdj)端口线路是否松动。
3.检查制动器位置传感器S222.7是否松动。
4.检查S222.6与S222.7是否接反。
5.检查刹车间隙是否满足要求。"
654,保险或直流电源接地,系统检测到F200.2空开反馈信号丢失,"1.检查F200.2空开是否断开或损坏，如果跳开，检查空开下端是否有接地点。
2.检查F200.2空开反馈是否有问题。
3.如果空开跳开，检查变桨变频器＋＋端口与PB间的制动电阻是否有问题。
4.如果空开跳开，检查变桨控制柜间电源线是否有问题。
5.如果空开跳开，检查蓄电池是否正常。   "
655,刹车打开位置未到达,系统检测不到刹车打开信号,"1.检查S222.7传感器至PLC模块间线路是否松动。
2.检查S222.7传感器是否正常。
3.检查制动器间隙是否正常。"
656,齿轮箱泵高速断路器,系统检测到Q112.4空开反馈信号丢失,"1.检查Q112.4空开是否跳闸。
2.如果Q112.4空开跳闸，检查空开下端是否存在接地点。
3.检查油泵电机是否损坏、运行时是否有异常噪音。
4.检查Q112.4空开调节值是否正确。
5.如果因箱变高压侧跌落保险问题造成Q112.4空开跳闸，确认调节值无问题后，重新合上即可。"
657,叶轮锁开关未设定在自动模式,系统检测到NCC310柜门自动/手动 钥匙在手动位置,"1.检查NCC310柜门自动/手动 钥匙是否在手动位置，自动运行时需要转到自动位置。
2.检查NCC310柜门自动/手动 钥匙是否工作正常。"
658,刹车阀故障,系统检测到制动泵频繁动作超过15s,"1.检查制动器电池阀Y222.4供电是否正常。
2.检查制动器电池阀Y222.4接线是否松动。
3.检查制动器电池阀Y222.4是否损坏。"
659,400V中断,系统检测到400V电源中断,"1.检查机组400V外接电源是否正常，箱变400V是否跳闸。
2.检查三相400V电源监视继电器是否正常。
3.检查三相400V电源监视继电器至PLC测量模块间线路是否正常。
4.检查三相400V多功能继电器调节值是否正确（bachmann+PM3000W机组）。
5.检查是否与Err142同时报出，若是，按照Err142处理方案处理。"
660,电池接地故障,系统检测到电池状态处于S7-BatStaEar状态（电池电压大于650V超过10s）,"1.检查电池柜及电池电压充电、测量回路是否松动，是否存在接地点。
2.检查电池电压测量测量回路电阻是否正常。（220K±3K/4.7K±0.2K）。
3.检查电池电压测量回路电压/电流变送器是否正常。
4.检查电池柜内电池是否存在鼓包、破损现象。
5.检查电池柜内每组电池电压是否正常。
6.检查电池放电保护继电器（k210.5）是否正常。
7.检查电池放电保护继电器（k210.5）机械锁线圈对地阻值是否正常。"
661,齿轮箱泵低速断路器,系统检测到Q112.2空开反馈信号丢失,"1.检查Q112.2空开是否跳闸。
2.如果Q112.2空开跳闸，检查空开下端是否存在接地点。
3.检查油泵电机是否损坏、运行时是否有异常噪音。
4.检查Q112.2空开调节值是否正确。
5.如果因箱变高压侧跌落保险问题造成Q112.2空开跳闸，确认调节值无问题后，重新合上即可。"
662,叶轮转速差异小,叶轮转速减去发电机转速<-200rpm超过500ms,"1.检查超速继电器调节值是否正确，右边的1000与左边的1000是否调反，正常是右边调成1000。
2.检查叶轮转速是否正常。
3.检查发电机转速是否突变。
4.检查SpeRot1、SpeRot2转速是否都正常。
5.若为阵风引起，可能PLC程序版本较旧，更新PLC程序。"
663,发电机转速差异过小,叶轮转速减去发电机转速>200rpm超过500ms,"1.检查超速继电器设置，正确值为（以77叶轮直径机组turck继电器为例）1000MHz/4/6/90/0.5；                                                                    2.服务模式下，启动变桨观察Pitch及Converter菜单下轮毂、发电机转速值是否平稳。
3.使用Rheintacho rotas超速继电器的机组，如果停机或启机偏航过程中报，检查滑环编码器脉冲信号反馈是否正常，如果信号受干扰，可以更换除O和O/外的其他脉冲信号。"
664,严重超速,转速最大值超过2000rpm,"1.检查turck/Rheintacho rotas超速继电器设置值是否正确。
2.检查滑环编码器固定及反馈线路。
3.检查发电机编码器反馈线路是否有问题。
4.检查发电机编码器外壳对地是否绝缘（正常为绝缘，其信号屏蔽通过外接电缆屏蔽线实现）。
5.检查发电机编码器及固定是否有问题，天元电机早期使用的小编码器安装工艺有问题，建议更换为永济电机使用的大编码器（莱纳林德厂家）。
6.检查是否为阵风引起，若是，升级PLC程序。
7.检查叶片零位是否校正准确。"
665,轻微超速,转速最大值超过1980rpm,同上
666,齿轮箱高速泵无压力,高速泵启动后，齿轮油压小于0.5bar超过15s ,"1.检查油压传感器及线路是否松动。
2.检查程序中油压传感器选型是否正确。
3.数字量油压传感器检查传感器显示屏是否显示乱码。
4.数字量油压传感器机组，运行油泵看油压传感器是否有油压显示，若无油压则可能油泵工作不正常，需检查泵（滤芯）、电机及油管阀门是否正常。
5.检查油泵电机运行是否正常，是否有异常噪音或声音特别轻，如果声音特别轻，可能花键损坏。
6.检查滤芯是否堵塞，是否有较多的杂物，如有检查齿轮箱是否正常。"
667,电池检测电网掉电,系统检测到电池状态处于S0-BatStaDis（电池未连接）或S1-BatStaGri（电网掉电）状态,"1.检查电池开关是否打开。
2.检查电池电压及400V主电源是否正常。
3.检查变桨通讯是否正常。
4.如果机组在自检情况下报此故障，检查变桨SwiOffTor参数值是否在4000≤SwiOffTor≤4500。"
669,电池测试时电压变化小,电池高低负荷测试时，电压偏差小于5V,"1.检查电池测试电阻100Ω/200W（500W）是否损坏，如损坏更换测试电阻。
2.检查电池柜温度是否正常（在5到40度之间），若异常，检查电池柜加热器及测温PT是否正常。
3.检查电池测试回路线路及器件是否正常。
4.检查电池测试过程各元器件动作是否正常，bachmann PM3000W机组电池测试接触器动作过程如下：快充--K210.5断开瞬间再吸合--K212.2吸合，再断开。
5.检查电池是否损坏，每块电池电压是否正常（6块*12V/块*5组，单块电池电压通常在11.5V～13.5V左右）。
6.ABB机组电池状态显示S3快充时，如果充电接触器不吸合，检查从plc59、60口是否输出24V信号，若不输出，检查24Vdc熔丝F240.5是否烧坏。"
670,发电机信号检测到超速,发电机转速信号大于1970rpm,"1.检查发电机编码器反馈线路是否有问题。
2.检查发电机编码器外壳对地是否绝缘（正常为绝缘，其信号屏蔽通过外接电缆屏蔽线实现）。
3.检查发电机编码器及固定是否有问题，天元电机早期使用的小编码器安装工艺有问题，建议更换为永济电机使用的大编码器（莱纳林德厂家）。
4.检查是否为阵风引起，若是，升级PLC程序。
5.检查叶片零位是否校正准确。"
671,变频器不同步/风机自动运行时，无法并网；静态测试变频器至S7-Syn时，Gsccur高达100多安。发电机定子侧电压与电网侧电压幅值差别在50V～800多V变化。定子接触器、定子断路器已经吸合，但PLC状态一直为S5加速状态,线路虚接/变频器程序未刷新/发电机故障/机侧变频器损坏/机侧变频器到8A保险线路不通或保险损坏/发电机定、转子相序错误/并网开关的辅助触点损坏；并网开关的辅助触点没有吸合。,"1.检查电机选型、开口电压、励磁电流设置是否正确。
2.示波器，检查同步时定子侧电压波形相位是否稳定，幅值与电网幅值是否相差大于200V，频率是否正常（正常为50Hz±2Hz）。如果相位不对，更换定子相序；如果频率不对，更换转子相序。
3.检查发电机定转子绕组相间、对地阻值是否正常。
4.检查定子接触器-K150.1线圈供电线路接线是否松动。       5.静态测试变频器至S7-Syn时，如果Gsccur高达100多安（正常为30A），且三相不平衡，且更换发电机转子相序后效果一样。则为发电机转子问题。
6.检查NCC300柜内发电机定子侧到8A保险到机侧变频器接线及插头是否松动，位置是否接对。
7.检查定子侧8A保险是否正常。
8.检查发电机编码器及固定是否正常。
9.使用ABB定子断路器做并网开关机组，如果机组输出并网控制信号，检查控制信号到定子断路器的线路、器件及定子断路器本身是否正常（特别是定子断路器辅助触点是否正常）。
10.使用ABB接触器做并网开关机组，检查接触器辅助触点及辅助触点反馈是否有问题。"
674,连续9小时风速为0,风速显示为0m/s达9小时,"1.ABBPLC机组重启从站PLC。
2.检查PLC模块至风速仪间的通讯线路。
3.检查风速仪转换模块。
4.升级PLC程序。
5.检查thies风速仪参数配置。
6.更换风速仪。"
675,风速仪通讯错误,PLC没有收到风速仪信号超过5s,参考Err160、162
676,电池温度PT100传感器,环境温度小于0度时，电池柜温度小于-50度或大于250度,"1.检查电池柜温度传感器线路是否松动。
2.检查电池柜PT100是否损坏。"
677,电池柜温度低,环境温度小于0度时，电池柜温度小于-15度,"1.检查电池柜内加热器功能是否正常（正常为低于15度加热，高于20度停止加热），如加热器损坏，更换加热器。
2.检查电池柜内加热器控制回路是否正常（如K257.7)。
3.检查电池柜温度传感器线路是否松动。
4.检查电池柜PT100是否损坏。
5.按照技改方案，增加电池柜内加热器。"
679,电池在慢充或充电完成状态下电压低,电池状态在S5-refresh或S6-standby状态下，电压低于345V超过10min,"1.检查电池回路线路是否松动。
2.检查电池电压测量回路电阻及线路是否正常。
3.检查电池实际电压是否正常。"
681,功率消耗>30 KW,功率低于-30KW超过1min,"1.检查变频器端子上电网电流测量互感器接线顺序。
2.检查发电机转速ConSpe信号，如信号失真，有短时跳跃，则为发电机编码问题引起。需检查编码器固定、联轴器固定及编码器测量回路是否正常。
3.更换编码器。
4.天元电机使用的小编码器存在问题，建议更换为永济电机使用的莱纳林德编码器。"
685,水泵断路器反馈信号错误,水泵断路器反馈信号丢失,"1.检查水泵断路器是否断开；
2.检查水泵断路器反馈回路是否正常。"
687,变桨刹车230V保险,变桨刹车空开反馈信号丢失,"1.检查变桨电机刹车空开是否跳开，信号反馈是否正常。
2.检查变桨电机制动线路回路，电缆是否固定好，是否甩断接地或短路。
3.检查变桨柜内接触器-K21.3、-K31.3、-K41.3线圈阻值是否正常。"
690,变频器CAN数据复用器不工作,变频器与PLC之间CAN通讯问题,"1.检查变频器与PLC之间CAN通讯是否正常；
2.检查变频子故障，根据子故障进一步处理。"
691,碳刷监测IGenSliBru信号触发,碳刷监控信号触发,"1.检查碳刷是否磨损严重导致监控信号触发，若是，必须更换碳刷；
2.检查碳刷监控反馈信号回路是否松动。"
716,自检刹车时发电机转速错误,机组自检刹车关闭时，发电机转速不为零,"1.检查编码器固定是否正常；
2.检查自检时机械刹车是否能够完全制动；
3.检查编码器外接电缆屏蔽线接地电阻是否小于0.3欧（PM1000机组）；
4.检查编码器外壳对地电阻，正常为无穷大；
5.检查编码器至变频器间通讯线及插头是否松动或工作异常；
6.检查变频器测速版是否正常。
7.检查发电机编码器及固定是否有问题，天元电机早期使用的小编码器安装工艺有问题，建议更换为永济电机使用的大编码器（莱纳林德厂家）。"
717,自检变频器Crowbar错误,机组在S10设置状态下，Crowbar测试反馈错误,"1.检查crowbar到电机侧变频器的通讯光纤是否损坏（如：出现严重压痕等）；
2.检查Crowbar单元线路是否松动；
3.更换Crowbar控制器。"
718,自检:变桨直流母线电压和电池电压的差异,自检时，变桨变频器母线电压与电池电压差值错误,"1.检查变桨子故障；
2.检查主电源断电时，电池电压是否波动很大。"
719,自检:变桨运行到指定位置超时,自检时，在限定的时间内变桨没有到指定位置,"1.检查变桨扭矩是否正常；
2.检查是否有变桨子故障；
3.使用手动变桨操作盒变桨，检查是否正常。"
720,自检:打开安全链时桨叶未收回,自检安全链断开时，桨叶状态不为safety chain stopping或safety chain stopped,"1.检查动作时间是否正常，如果刹车制动时间很慢，检查刹车液压油是否有问题，如是否用错液压油，把齿轮油当液压油使用。
2.检查制动器传感器安装位置是否正确（正确的为长杆在中间，图纸代号为S222.6；短杆在旁边且有附件杆，图纸代号为S222.7）。
3.bachmann简版机组程序问题，更新PLC程序到C14.143 20120427之后版。
4.更换传感器或制动器"
720,自检就报,.6和.7传感器的位置装反；传感器长度与制动器不匹配,"1.检查制动器传感器安装位置是否正确（正确的为长杆在中间，图纸代号为S222.6；短杆在旁边且有附件杆，图纸代号为S222.7）。
2.bachmann简版机组程序问题，更新PLC程序到C14.143 20120427之后版。
3.更换传感器或制动器"
721,自检:刹车未闭合,自检安全链断开时，刹车闭合反馈信号错误超过2s,"1.检查制动器传感器安装位置是否正确（正确的为长杆在中间，图纸代号为S222.6；短杆在旁边且有附件杆，图纸代号为S222.7）。
2.检查刹车传感器反馈信号是否正常；
3.检查刹车动作是否正常；
4.bachmann简版机组程序问题，更新PLC程序到C14.143 20120427之后版。
5.更换传感器或制动器"
723,自检:风速仪不准确,自检时发电机转速异常,"1.检查发电机编码器固定是否正常；
2.检查风速仪测风是否正常；
3.检查叶轮锁是否被锁上；
4.检查齿轮箱是否正常。"
724,自检:桨叶未依靠电池收回,自检电网掉电10s后，变桨状态不等于HubStaSafCha或HubStaSafOk_或HubStaNo_Bat,"1.检查变桨SwiOffTor参数值是否在4000≤SwiOffTor≤4500。
2.检查蓄电池电量是否正常。"
725,自检:电池未检测到电网掉电,自检电网掉电10s后，电池状态不等于BatStaGri,"1.检查变桨电源控制接触器K210.2控制回路、反馈回路是否正常；
"
726,自检:轴承摩擦过高,自检时，变桨扭矩大于50Nm,"1.检查变桨扭矩是否正常
2.使用手动变桨操作盒变桨，检查是否正常。
3.变桨轴承增加变桨润滑油。"
727,UPS电池完全放电接触器,电池放电保护接触器K210.5错误,"1.检查K210.5控制及反馈信号是否正常；
2.如果PLC不输出控制信号控制K210.5吸合，且检查接触器下端并无接地、短路等问题，断电重新上电后能吸合，但不定时的还跳开，则建议检查电池柜内蓄电池，检查是否有烧焦痕迹或某组电池电压较低。"
728,UPS电池测试接触器,PLC接收到电池测试反馈信号异常超过500ms，输出测试信号时无反馈或未输出测试信号时接收到反馈,"1.检查电池测试接触器K212.2反馈线路是否正常；
2.检查电池测试接触器K212.2控制回路是否正常；
3.检查电池测试接触器K212.2是否正常。"
729,UPS电池400V接触器1,PLC接收到电池充电反馈信号异常超过500ms，电池状态显示快充时，充电接触器1无反馈，或电池未显示快充时，充电接触器1有反馈。,"1.检查电池测试接触器K212.4反馈线路是否正常；
2.检查电池测试接触器K212.4控制回路是否正常；
3.检查电池测试接触器K212.4是否正常；
4.bachmann机组检查DIO280模块85号端口24Vdc电源接线是否正常。"
730,UPS电池400V接触器2,PLC接收到电池充电反馈信号异常超过500ms，电池状态显示快充时，充电接触器2无反馈，或电池未显示快充时，充电接触器2有反馈。,"1.检查电池测试接触器K212.6反馈线路是否正常；
2.检查电池测试接触器K212.6控制回路是否正常；
3.检查电池测试接触器K212.6是否正常；
4.bachmann机组检查DIO280模块85号端口24Vdc电源接线是否正常。"
731,500V直流电源接触器没关闭,变桨电源控制接触器K210.2反馈错误,"1.检查变桨电源控制接触器K210.2控制回路、反馈回路是否正常；
"
732,柜子风扇保险,PLC检测到ICabFanFus反馈信号错误,"1.ABB机组检查F134.2空开反馈信号是否正常；
2.bachmann机组检查F215.1空开反馈信号是否正常。"
733,接口继电器230V电源保险,PLC检测到F134.6空开反馈信号错误,1.检查F134.6空开及反馈信号是否正常。
734,滤波板温度故障,滤波板温度大于100度,"1.检查水循环，包括水阀是否畅通，排气是否彻底，水压是否正常。
2.如果水循环没有问题，检查滤波板中1欧姆电阻排布是否分散。
3.检查PT100测温是否与实际温度一致。
4.更换滤波板。"
735,自动温控加热器保险,PLC检测到F134.6空开反馈信号错误,1.检查F136.6空开及反馈信号是否正常。
737,刹车泵接触器,PLC检测到刹车泵接触器状态错误超过500ms，刹车泵启动信号给出时接触器没有反馈，或刹车泵启动信号未给出时接触器有反馈。,"1.检查刹车泵接触器反馈回路是否有问题。
2.检查刹车泵接触器控制回路是否有问题。
3.检查刹车泵接触器是否正常。"
741,变频器滤波器温度,网侧电抗温度大于155度,"1.检查PT100测温与实际温度是否相符。
2.检查PT100测温回路是否松动。
3.如果温度确实高，检查NCC320柜内风扇及水冷循环是否正常。"
742,齿轮箱风扇接触器,PLC检测到油冷风扇接触器状态错误超过500ms，油冷风扇启动信号给出时接触器没有反馈，或油冷风扇启动信号未给出时接触器有反馈。,"1.检查油冷风扇接触器反馈回路是否有问题。
2.检查油冷风扇接触器控制回路是否有问题。
3.检查油冷风扇接触器是否正常。"
743,水泵接触器跳开,水泵接触器230V供电中断,"1.T134.6 UPS工作不稳定，更换T134.6 UPS
2.中间继电器中作不稳定
3.检查接触器相关控制线路"
743,水泵接触器,PLC检测到水泵接触器状态错误超过500ms，水泵启动信号给出时接触器没有反馈，或水泵启动信号未给出时接触器有反馈。,"1.检查水泵接触器反馈回路是否有问题。
2.检查水泵接触器控制回路是否有问题。
3.检查水泵接触器是否正常。"
746,齿轮箱低速泵接触器,PLC检测到齿轮箱低速泵接触器状态错误超过500ms，低速泵启动信号给出时接触器没有反馈，或启动信号未给出时接触器有反馈。,"1.检查齿轮箱低速泵接触器反馈回路是否有问题。
2.检查齿轮箱低速泵接触器控制回路是否有问题。
3.检查齿轮箱低速泵接触器是否正常。"
747,齿轮箱高速泵接触器,PLC检测到齿轮箱高速泵接触器状态错误超过500ms，高速泵启动信号给出时接触器没有反馈，或启动信号未给出时接触器有反馈。,"1.检查齿轮箱高速泵接触器反馈回路是否有问题。
2.检查齿轮箱高速泵接触器控制回路是否有问题。
3.检查齿轮箱高速泵接触器是否正常。"
748,AC驱动侧加速度传感器,驱动侧振动传感器反馈的加速度交流分量值超限,"1.检查驱动侧振动传感器5V电源是否正常。
2.检查驱动侧振动传感器外接线路及浪涌是否正常。
3.检查实际振动是否较大，若是，检查叶片零位、发电机固定、齿轮箱是否正常。
4.检查是否为干扰引起，若是，检查传感器外接线缆屏蔽是否正常。
5.更换驱动侧振动传感器。
6.更新PLC程序。"
749,AC非驱动侧加速度传感器,非驱动侧振动传感器反馈的加速度交流分量值超限,"1.检查非驱动侧振动传感器5V电源是否正常。
2.检查非驱动侧振动传感器外接线路及浪涌是否正常。
3.检查实际振动是否较大，若是，检查叶片零位、发电机固定、齿轮箱是否正常。
4.检查是否为干扰引起，若是，检查传感器外接线缆屏蔽是否正常。
5.更换非驱动侧振动传感器。
6.更新PLC程序。"
753,驱动链晃动,系统检测到机组驱动链晃动大,"1.检查发电机转速信号是否波动。
2.检查发电机编码器固定及外接线路是否正常。
3.检查发电机编码器在外接线缆断开时，外壳对地是否绝缘。"
754,塔筒驱动侧移动,PLC检测到驱动端振动传感器位移超过限制值,"1.检查驱动侧振动传感器5V电源是否正常。
2.检查驱动侧振动传感器外接线路及浪涌是否正常。
3.检查实际振动是否较大，若是，检查叶片零位、发电机固定、齿轮箱是否正常。
4.检查是否为干扰引起，若是，检查传感器外接线缆屏蔽是否正常。
5.更换驱动侧振动传感器。
6.更新PLC程序。"
755,塔筒非驱动侧移动,PLC检测到非驱动端振动传感器位移超过限制值,"1.检查非驱动侧振动传感器5V电源是否正常。
2.检查非驱动侧振动传感器外接线路及浪涌是否正常。
3.检查实际振动是否较大，若是，检查叶片零位、发电机固定、齿轮箱是否正常。
4.检查是否为干扰引起，若是，检查传感器外接线缆屏蔽是否正常。
5.更换非驱动侧振动传感器。
6.更新PLC程序。"
756,齿轮箱压力传感器,齿轮箱压力传感器测得压力≤-1bar,"1.检查压力传感器在程序中选项是否正确。
2.检查压力传感器外接线路是否松动。
3.检查压力传感器电源是否正常。
4.如果为数字量压力传感器，启动油泵时检查传感器显示屏显示与机组控制面板显示是否一致。
5.更换压力传感器。"
757,DC驱动侧加速度传感器,PLC检测到驱动端振动传感器加速度直流分量超过限制值,"1.检查驱动侧振动传感器5V电源是否正常。
2.检查驱动侧振动传感器外接线路及浪涌是否正常。
3.检查实际振动是否较大，若是，检查叶片零位、发电机固定、齿轮箱是否正常。
4.检查是否为干扰引起，若是，检查传感器外接线缆屏蔽是否正常。
5.更换驱动侧振动传感器。
6.更新PLC程序。"
758,DC非驱动侧加速度传感器,PLC检测到非驱动端振动传感器加速度直流分量超过限制值,"1.检查非驱动侧振动传感器5V电源是否正常。
2.检查非驱动侧振动传感器外接线路及浪涌是否正常。
3.检查实际振动是否较大，若是，检查叶片零位、发电机固定、齿轮箱是否正常。
4.检查是否为干扰引起，若是，检查传感器外接线缆屏蔽是否正常。
5.更换非驱动侧振动传感器。
6.更新PLC程序。"
759,偏航时，1000s内机舱摆动3次,PLC检测到振动传感器信号超过限制值,"1.检查驱动、非驱动侧振动传感器5V电源是否正常。
2.检查驱动、非驱动侧振动传感器外接线路及浪涌是否正常。
3.检查实际振动是否较大，若是，检查叶片零位、发电机固定、齿轮箱是否正常。
4.检查是否为干扰引起，若是，检查传感器外接线缆屏蔽是否正常。
5.更换驱动、非驱动侧振动传感器。
6.更新PLC程序。
7.调整偏航大齿圈侧面轴承螺栓力矩"
760,1分钟定子电流值过高,1分钟定子电流值滤波值超过1487A,"1.更新PLC程序。
2.PM1000变频器及PM3000变频器未低穿技改机组，重新写读变频器参数。
3.更换变频器或变频器控制板。"
761,1分钟总电流值过高,1分钟定子电流值滤波值超过1487A,"1.更新PLC程序。
2.PM1000变频器及PM3000变频器未低穿技改机组，重新写读变频器参数。
3.更换变频器或变频器控制板。"
763,10分钟电网功率过高,10分钟滤波功率大于1580kw,"1.更新PLC程序。
2.PM1000变频器及PM3000变频器未低穿技改机组，重新写读变频器参数。
3.更换变频器或变频器控制板。"
764,1分钟电网功率过高,1分钟滤波功率大于1600kw,"1.更新PLC程序。
2.PM1000变频器及PM3000变频器未低穿技改机组，重新写读变频器参数。
3.更换变频器或变频器控制板。"
765,10秒钟电网功率过高,10秒钟滤波功率大于1680kw,"1.更新PLC程序。
2.PM1000变频器及PM3000变频器未低穿技改机组，重新写读变频器参数。
3.更换变频器或变频器控制板。"
800,,三相电网电压不平衡,"1.检查三相电网电压是否平衡（如有变频器子故障，参考子故障）。
2.如果电网电压有一到两相显示400V，检查8A保险是否正常；如果三相都是0V，检查8A及低压侧690V断路器是否正常；如果三相电压不平衡度不一致，检查业主高压侧35KV跌落保险是否正常。
3.检查实际电流是否也不平衡，若不平衡，首先检查并网开关是否正常，若正常，在箱变侧更换箱变—机组的3相690VAC电缆接线顺序（将原先A-L1、B-L2、C-L3的顺序变更为A-L2、B-L3、C-L1的顺序），如果异常电流变成另一相，则问题出在箱变那边。
"
801,,三相电网电流不平衡,"1.检查定子断路器/接触器是否正常，导通性是否良好。
2.检查箱变高压侧跌落保险是否正常。
3.检查箱变高低压侧电缆连接是否正常。
4.箱变侧更换箱变—机组的3相690VAC电缆接线顺序（将原先A-L1/B-L2/C-L3的顺序变更为A-L2/B-L3/C-L1的顺序），如果异常电流变成另一相，则问题出在箱变侧。"
812,偏航未达到额定速度,偏航速度低或偏航方向与给定方向不一致；偏航程序版本或偏航变频器问题,"1.检查偏航传感器是否正常。
2.检查偏航传感器内部编码器至PLC模块的接线及脉冲反馈是否正常。
3.检查偏航功率是否过高，如果大于12kw，建议重调偏航力矩来减小偏航功率。
4.检查偏航电机转向是否正常，服务模式下控制面板左转时，实际是否左转且机舱角度也递减。
5.如果是Vacon偏航变频器机组，可能是偏航变频器程序问题，更新偏航变频器程序可解决。
6.如果偏航变频器温度静止时为0，但一偏航就快速变到-1500度，更换偏航变频器。
"
813,偏航时机舱位置无变化,偏航时机舱角度无变化超过4s,"1.检查偏航传感器内部的编码器及接线。
2.检查偏航传感器内部编码器电源及反馈是否正常。"
814,机舱位置变化太小,机舱位置变化小于给定的60%,"1.检查偏航传感器线路。
2.检查偏航时角度反馈是否正常。
3.检查偏航电机工作是否正常。
4.更换偏航传感器或传感器内部编码器。
5.如果雷击引起，可能凸轮内编码器损坏，检查更换编码器，并尽快做好防雷技改和零地分离技改。                                                                                  "
815,偏航停止状态下机舱位置变化,未偏航时，系统检测到机舱角度变化,"1.MGM偏航电机正上方（外壳顶部）螺丝没有去除，导致偏航电机刹车一直处于打开状态。将MGM偏航电机上方螺丝去除即可。
2.检查偏航电机刹车供电控制继电器K118.8触点是否一直处于导通状态，正常为偏航时线圈得电触点闭合、不偏航时线圈失电触点断开。
3.检查凸轮开关固定及内部编码器固定是否松动。
4.如果以上原因都排除，可能是接收凸轮编码器的plc或模块问题。"
816,偏航变频器保险丝,PLC模块检测到偏航变频器空开反馈信号丢失,"1.检查偏航变频器空开F118.2是否断开。
2.检查偏航变频器空开F118.2反馈信号至PLC是否松动。"
817,偏航变频器没有连接到CAN总线上,偏航变频器与PLC间CAN中断超过2s,"1.检查偏航变频器与PLC模块间通讯线路是否有正常。
2.ABB机组检查从站PLC CAN通讯配置是否正常。
3.如果运行过程中频繁报此故障，且需给偏航变频器断电才能复位，可能偏航变频器的通讯板问题。"
819,偏航变频器错误,偏航变频器检测到错误,1.检查偏航变频器子故障，参考偏航子故障处理手册。
820,偏航刹车230V保险,,"1.检查偏航刹车空开F122.2是否跳开。
2.检查偏航刹车空开F122.2反馈触点至PLC模块IYawBraFus端口线路是否有问题。"
821,偏航变频器服务盒连接,系统检测到偏航操作盒连接,"1.检查手动操作盒是否连接到偏航系统。
2.检查偏航系统手动操作盒检测回路是否有问题。"
823,偏航定位系统-左/右位被转换，偏航零位丢失,机舱角度小于-900且左右位置显示“右”/ 机舱角度大于900且左右位置显示“左”，超时10s,"1.检查凸轮左右极限位置开关、解缆保护开关是否正常，调节位置是否有很大误差。
2.检查凸轮开关左右极限位置开关是否接反。
3.检查电缆是否扭曲很大，若是需要偏航到电缆完全垂直后重新调节凸轮。
4.如果KEB偏航变频器16号端口（ST）无24V反馈，此时将无法偏航。
5.在电缆完全垂直状态重新调整凸轮，如果角度显示负数，调节4号凸轮环正好触发按钮，使面板显示机舱位置为“左”，然后向右偏航直到机舱位置变为“右”，此时角度就能自动变到±30度范围内；反之，调节4号凸轮环使其正好不触发按钮，使面板显示机舱位置为“右”，然后向左偏航直到机舱位置变为“左”，此时角度就能自动变到±30度范围内。"
824,偏航超时,偏航状态大于7状态，偏航时间超过30min,"1.检查偏航传感器线路。
2.检查偏航左右极限位置是否在偏航角度小于600度时触发，若是，建议重调凸轮（调时电缆必须完全垂直），或者暂时在服务模式下往另一方向偏航180度以上。                                                        3.更换偏航传感器                                                                                "
824,偏航时偏航变频器功率低于限制值,偏航功率低,1.调整偏航螺栓力矩，夏天4-6kw；冬天6-8kw。                                                                          
536541,690V/350A保险烧坏1-2个,由于水冷滤波板散热不好，导致滤波板上一部分电阻烧坏,1.更换水冷滤波板及其电阻，换电阻时务必要涂上导热硅脂，固定螺丝一定要拧紧
536671,"并网后不久变频器状态跳到S60,之后又跳到同步检测状态，然后报159或24号故障",发电机编码器问题，但看不出转速异常,1.更换发电机编码器
 ,数字量模块不在总线,PLC检测到数字量模块CS31-Bus通讯故障。,"1.检查数字量模块IDigLiv端口供电是否正常。
2.检查数字量模块供电是否正常。
3.检查PLC A240.3-X5端口至数字量模块X1端口线路是否正常。"
 ,模拟量模块不在总线,PLC检测到模拟量模块CS31-Bus通讯故障。,"1.检查模拟量模块供电是否正常。
2.检查数字量模块X1端口至模拟量模块X1端口线路是否正常。"
 ,接地故障保护信号切断,故障电流小于-10A,"1.检查NCC310-A240.3-EW6.07/FaiCur)至故障电流互感器NCC300-T170.6之间的线路是否正常。
2.检查故障电流互感器是否损坏（正常情况有4-20mA直流电流输出）。"
 ,FT-风速仪测量错误,FT风速仪测量错误（风速小于20m/s延时10min，反之延时2min）,"1.检查FT风速仪供电、接线是否正常；
2.检查FT风速仪程序版本号是否正确；
3.更换FT风速仪。"
,,,
,机组参数信息配置故障,机组参数信息未配置,1.检查机组叶片、发电机、变桨减速机、风速仪等参数信息是否配置。
,PLC软件版本错误,PLC软件版本不匹配,1.检查主、从、塔基PLC程序版本是否匹配。
,变频器软件版本或电网频率超过限制值,变频器软件版本或电网频率问题,"1.检查变频器软件版本
2.检查电网频率是否正常
3.检查电网频率限值设置是否正常
4.检查机舱PLC通讯"
,安全链无法复位，PLC主站E62.09指示灯不亮,电气元件损坏（浪涌保护器）/线路松动,"1.检查滑环上-X4通道6线路上的电线连接及线路上的所有浪涌保护器
2.检查X4插头上6点线路是否松动，7点是否正常接地                  "
,PLC主站EA63.06指示灯不闪烁,电气元件损坏,"1.检查-A293.2上线路连接，包括24V供电及与PLC的通讯线。                                    2.检查-A293.2上通讯光纤是否有光信号，正常有一个口有光。
3.检查变频器上电源板指示灯是否正常、变频器供电电源是否正常。 
4.如果IGBT温度上升很快，检查水冷系统是否正常。                          "
,运行中突然报此一堆故障,定子接触器24V控制线圈回路过流，导致线圈对地电阻只有10Ω,"1.检查变频器是否损坏（电源板、IGBT）。
2.检查浪涌保护器F238.7及F238.2是否接地。
3.检查安全链回路F230.6（2A保险）是否正常。
4.检查350A保险、8A报销。
5.检查crowbar电阻R312.6.1（3个绿色管式电阻）。
6.检查ABB定子接触器。"
,接地故障保护（低/高限值）,,"1.检查NCC300柜内母排电网电流互感器接线是否松动。        2.更换变频器后插头没插好或变频器损坏。
3.电机转子绕组接地，发电机损坏。
4.检查T170.6的24V供电及反馈到A240.3PLC的线路；
5.检查定子接触器。"
,风速仪测量错误,风速显示为0m/s或时有时无,"1.检查程序中风速仪选型是否正确。
2.检查风速风向仪供电及反馈信号回路是否正常。
3.升级PLC程序。
4.检查thies风速仪风速风向仪参数配置是否正确（参数MA－03 DM－01 PC－00  TT－02  OR－100，修改完参数上电前需将风速仪外接的1、4号线短接）。
5.检查thies风速仪AA、AB、AC这三个参数如果为00003，则需要改为00000（风速仪说明书中有介绍），否则可能会出现风速时有时无的问题。
6.检查测风回路浪涌保护器是否正常。
7.检查风速仪回路RS485转换模块及模块拨码是否正常（ABB机组）
8.机械式风速仪检查反馈信号是否在4-20mA范围内。
9.更换风速仪。"
,水阀断路器反馈信号错误,水阀断路器反馈信号丢失,"1.检查水阀断路器是否断开；
2.检查水阀断路器反馈回路是否正常。"
,塔基通讯故障,主PLC与塔基PLC通讯错误超过200ms,"1.如果与Err233故障同时产生，可能问题出在主PLC，检查主PLC及通讯是否正常（如：IP地址、网线连接等）。
2.如果与Err233故障同时产生，可以重启主PLC或给主PLC断电。
3.检查塔基PLC供电是否正常。
4.检查机舱到塔基的光纤是否正常，正常的光纤能够传输光线。
5.检查塔基PLCIP地址是否正常。"
,从站PLC检测到从站通讯错误,从站PLC自身检测到通讯错误,"1.断电或重启从站PLC。
2.如果从站PLC的FK1、FK2、FK3指示灯亮，断电或重启后不管用，更换PLC。
3.检查从站PLC供电及PLC至交换机之间的网线连接是否正常。
4.重新设定从站PLC的IP地址。
5.更换从站PLC。"
,主站PLC检测到从站通讯错误,主站PLC检测到从站PLC错误超过200ms,"1.如果与Err226故障同时产生，可能问题出在主PLC，检查主PLC及通讯是否正常（如：IP地址、网线连接等）。
2.重启主PLC或给主PLC断电。
3.检查从站PLC供电是否正常。
4.检查从站PLC IP地址是否正常。
5.检查从站PLC到交换机之间的网线是否正常。"
,机舱烟雾传感器,烟雾传感器信号触发,"1.检查烟雾传感器是否触发。
2.检查烟雾传感器供电及外接线是否正常。"
,急停一复位，两个PLC就死机,①F238.2的3号端子接地     ②风速仪7、8号线接反,寻找F238.2、F238.4回路是否存在接地点
,塔基24V/1A保险烧坏,plc电源接口正负间电阻为300欧左右，正常为无穷大，接上线后为1.2K欧左右,更换plc
,电网长时间停电再送电后，塔基无法启动（交换机等指示灯狂闪），断开其中任何一路24VDC输出，就能正常启动,后期机组的塔基UPS在完全放电后再送电时，UPS无法带动负载，导致其输出电压保持在0-5Vdc,方案1：手动断开其中任何一路24VDC后，再送上；     方案2：更换Rinck UPS到KW21.2010以后或2009以前生产的
,大风天气，齿轮油温不高，桨叶停止在-1度，但功率只有100kw左右，,安全链中Err18故障被短接，程序中变桨减速机减速比选错,校正程序中变桨减速比，去除故障短接点
,bachmann控制面板无通信，PLC程序不能启动，一直显示连接状态，PLC模块err灯亮。cfc0文件及程序都能传进去。但PLC程序不能启动。重新登录PLC显示内存卡上没有程序。,NCC310柜内CM202模块灯不亮，模块坏。,更换CM202模块。
,PM3000W技改后Crowbar测试及预充电都没反应,线路接错或Crowbar光纤接反,"1.检查网侧接触器辅助触点接线是否正确。
2.检查Crowbar至变频器光纤连接（连接正确时，Crowbar指示灯灭，否则不正确）。"
,PM3000W技改后，变频器启动到同步时塔基断路器跳闸,接线接错,1.检查变频器V308.2 J10端子排上10号端子的线是否断开。
,PM3000W技改后，机组不能满发，最高只能发600多kw,PLC程序问题,"1.更新PLC程序
2.检查系统运行时间是否大于48h。"
,变频器测试到网侧低负荷时8A保险烧坏,滤波回路有接地点,"1.检查滤波回路所有器件、电缆是否正常。
2.测量网侧变频器交流母排对地电阻是否满足要求。
"
,07 KT 型号的ABB PLC 传不进程序,PLC程序兼容问题,1.更新可兼容07 KT 型号PLC的程序。
,电池测试时烧坏测试电阻和充电电阻,电池测试接触器误吸合,1.检查k257.4和k257.5是否存在同时吸合的问题（比如两个继电器的A1口被掉在上头的导线短接），正常情况下不能同时吸合。
,使用ABB程序下载器更新.m程序时，主站PLC无法重启，显示硬件连接超时,主站PLC每个3-5s在不断重启,"1.将PLC右上角Run/Stop按钮拨到Stop模式，使用AC1131更新.Pro程序，完成后再把按钮拨到Run模式。
2.更换PLC。"
,ABB+GT机组，并网后无功功率很大，且有功功率也很大，机组功率因素只有0.5左右,,电流互感器到变频器之间的线缆顺序接反，ABC，接成了ACB。
