故障代码,故障解释,故障原因,解决方案,故障属性,故障类型
513,变频器检测电网波动,变频器检测到电网过压、欠压、频率过高、频率过低或电压不平衡。,"1.查看变频器菜单中的子故障，判断具体原因。
2.查询风机监控软件记录的波形数据，检查故障时刻电网是否波动（如电压突变、频率突变或三相不平衡的情况）。如波动后又恢复正常，经业主同意后可直接复位启机并网；如波动后不能恢复正常，询问业主电网是否存在未解决的问题。
3.如果电网实际电压正常，但风机显示的电网电压异常，检查变频器测量电网电压回路的线路及器件是否松动或异常（如：网侧8A/16A保险是否损坏）。",bachmann PLC故障,变流器
515,预留,,,bachmann PLC故障,
516,变频器复位超时,PLC与变频器CAN通讯发生故障,"1.重新下载或更新PLC程序，将nvram0文件夹中除rtn外的文件删除再下载程序，然后重启PLC。
2.检查变频器至PLC模块CM202之间的CAN通讯线路、插头是否松动。
3.更换PLC模块CM202，更换时注意拨码开关全部处于off状态。",bachmann PLC故障,看门狗
517,预留,,,bachmann PLC故障,
518,变桨软件版本错误,变桨变频器软件版本存在问题,1.检查变桨变频器软件版本是否与PLC匹配。,bachmann PLC故障,版本检查
519,偏航软件版本错误,偏航软件版本与程序定义版本不一致,"1.检查偏航变频器程序是否与PLC匹配。
2.联系相关技术负责人，告知偏航程序版本号及PLC程序版本号。",bachmann PLC故障,版本检查
520,在初始化轮毂不能到达停止状态,初始化轮毂在35秒内未达到停止状态,"1.检查变桨状态是否在停止状态。
2.检查接近开关安装距离及反馈信号是否正常。
3.检查是否滑桨。
4.如果划桨，检查变桨制动器供电继电器是否损坏，检查变桨电机刹车扭矩是否满足要求。",bachmann PLC故障,初始化状态机
521,机舱PLC无通信,M-PLC与机舱PLC之间无通讯,"1.检查塔基至机舱的通讯光纤是否正常。
1.检查机舱PLC模块供电及运行是否正常。",bachmann PLC故障,其它
522,无法找到机舱零位,机舱初始化状态偏航寻找零位超过24000秒,"1.检查凸轮开关反馈信号线路是否松动。
2.检查凸轮开关工作是否正常。",bachmann PLC故障,初始化状态机
523,SS-0保险断开,保险下端接地或绝缘不够，保险裕量不够,"1.检查F230.6保险下端是否接地，如有接地需先处理好接地问题。
2.如果运行中F230.6保险烧坏（特别是雷雨天气），且线路无接地，检查F230.6熔丝是否小于5A，若是需更换为5A熔丝。
3.PM3000W变频器机组更改组合继电器接线方式，复位电源由继电器本身提供。而不是由F230.6提供，参考F230.6技改说明。",bachmann PLC故障,安全链
524,SS-1急停按扭,PLC接收不到组合继电器闭合反馈信号,"1.如果与Err615、Err616、Err617中的一个或多个同时报出，检查是否有急停按钮拍下或损坏。
2.如果单报Err524无法复位，检查急停及复位回路，寻找是否存在断点或线路松动问题。
3.检查急停复位线圈回路24V电压，如果低于20Vdc，则检查浪涌等器件是否正常，如绝缘异常、串电压等。
4.检查多功能继电器K230.3是否有问题。
5.低穿技改后如果单报Err524，且报完后自动转服务模式，可能是K230.3：Y32口输出不稳定，可将线改回到K230.3：34口。
6.若故障能够复位，但频繁发生，且以上原因都排除，则可采用排除法，将急停回路逐一短接，检查确定是否有线路或器件异常。",bachmann PLC故障,安全链
525,SS-5机侧变频器断开安全链,系统检测到发电机超速,"1.检查编码器固定是否正常。
2.检查编码器至变频器间通讯线及插头是否松动或工作异常。
3.检查变频器到超速继电器及PLC之间的线路是否松动。
4.检查编码器供电电源是否稳定。
5.断开检查编码器外壳对地电阻，正常为无穷大。
6.检查发电机振动、噪音是否较大（如天元电机轴承不好引起噪音和振动，导致转速信号突变）。
7.检查发电机与齿轮箱之间的联轴器是否固定松动。
8.检查发电机编码器及固定是否有问题，天元电机早期使用的小编码器安装工艺有问题，建议更换为永济电机使用的大编码器（莱纳林德厂家）。
9.如果阵风引起，检查程序版本是否较旧。
10.检查叶片零位是否校正准确。
11.检查变频器测速版是否正常。",bachmann PLC故障,安全链
526,SS-6震动传感器,发电机底部振动传感器回路触发,"1.检查发电机底部振动传感器及其回路。
2.检查机组实际振动。",bachmann PLC故障,安全链
527,SS-7叶轮超速,叶轮转速突变或超过限制值,"1.检查NCC310-K228.6继电器触点至PLC之间的线路是否松动。
2.检查NCC310-K228.6继电器是否正常。",bachmann PLC故障,安全链
528,SS-8看门狗,PLC DI232模块A240.1的I14端口收不到反馈信号,"1.如果NCC310柜门自动/手动 钥匙在手动位置，则服务模式下转速高于500rpm时会产生此故障。将自动/手动 钥匙转到自动即可。
2.检查NCC310-K246.1继电器是否工作正常。
3.如果与Err552、Err555、Err558同时报出，检查滑环上-X4通道6号线路上的电线连接及线路上的所有浪涌保护器，检查X4插头上7号线路是否正常接地。",bachmann PLC故障,安全链
529,SS-9刹车位置,PLC DI232模块A240.1的I15端口收不到反馈信号,"1.检查制动器开/关传感器线路及液压油位是否正常。
2.检查继电器NCC310-K228.8是否正常。
3.检查继电器NCC310-K228.8至DI232模块 A240.1的15号端口线路是否松动。",bachmann PLC故障,安全链
530,SS-10超出工作位置,PLC DI232模块A240.1的I21端口收不到反馈信号,"1.检查PLC检测Err18故障的端口（working position）-浪涌-滑环-轮毂柜-限位开关-滑环-F238.2之间相关线路及器件是否有问题。
2.检查轮毂内控制柜之间的电缆是否固定良好（扎带固定好，不会来回甩动,否则容易导致高转速下频报故障）。
3.检查程序中变桨减速机的减速比是否选择正确。
4.检查叶片限位开关是否安装/调节正确，正常是变桨到-4度左右才触发限位开关。",bachmann PLC故障,安全链
531,轮毂驱动/转速高时报；瞬间断开；频报或无法复位,PLC DI232模块A240.1的I22端口收不到反馈信号,"1.安全链回路监测Err19故障的PLC端口—浪涌F238.2-滑环-轮毂柜之间的相关线路是否断开或松动。
2.检查轮毂柜内接触器K26.5、 K36.5、 K46.5是否吸合，如未吸合检查线圈供电的230V-L、N回路线路是否正常。 
3.检查轮毂内控制柜之间的电缆是否固定良好（扎带固定好，不会来回甩动，否则容易导致高转速下频报故障）。                             ",bachmann PLC故障,安全链
532,SS-12存储继电器不能复位,PLC DI232模块A240.1:23端口收不到反馈信号,"1.如果复位其他故障时产生，只需复位或间隔8s左右再复位即可。
2.如果单报此故障，检查24V继电器K228.5、K246.2是否正常，大多数情况只是线圈部分损坏，此时可单独换线圈，无需更换底座。
3.检查K228.5、K246.2至PLC模块A240.1：23端口线路是否正常。",bachmann PLC故障,安全链
533,柜内24V保险,PLC DI280模块A242.1:69（i24Fus001）端口收不到反馈信号,"1.检查F217.4保险至PLC DI280模块A242.1-I29（i24Fus001）端口线路是否正常。
2.检查F217.4保险是否烧坏，如果F217.4保险烧坏，检查保险下端回路是否存在接地点（如：机械锁线圈阻值偏低等）。",bachmann PLC故障,控制柜
534,柜外24V保险,PLC DI232模块A241.1:8（i24Fus002）端口收不到反馈信号,"1.检查NCC310柜内F222.5至DI232模块A241.1：8端口的线路是否正常。
2.检查NCC310柜内F222.5保险是否烧坏，如果烧坏，保险下端是否接地。
3.如果打雷引起NCC310柜内F222.5保险烧坏，重点检查制动器压力开关、凸轮编码器是否击穿，电源有无接地。
4.如果油泵启动瞬间烧坏F222.5保险，检查油过滤压力传感器是否正常。",bachmann PLC故障,控制柜
535,变频器不在CAN总线上,状态机不在PLC停止状态、PLC初始化状态、PLC自检状态或变频器复位状态时，变频器与主PLC之前通讯中断。,"1.检查变频器至PLC模块A239.5（CM202）的CAN1插头之间的CAN通讯线及终端电阻是否正常。
2.检查变频器上电源板指示灯是否正常、变频器供电电源是否正常，如NCC310-F352.2熔丝、继电器NCC310-K246.7是否正常。 
3.如果与Err536等变频故障一起报出，复位、重启PLC或断电复位都无法解决时，检查变频器是否存在问题。",bachmann PLC故障,变流器
536,变频器一般性故障,变频器检测到故障，具体原因参考变频器子故障,"1.检查变频器子故障，按照子故障做对应检查处理。
2.如果更换网侧接触器后启动变频器到网侧同步时报此故障，当时变频器状态为S4（Transition state，wait until line contactor is open），检查网侧接触器型号是否正确，PM3000W机组为24Vdc接触器，其他机组为230Vac接触器。
3.检查网侧接触器吸合及反馈是否正常。
4.如果与Err541等同时报出，检查水冷滤波电阻及350A保险是否正常，如需更换水冷滤波板或滤波电阻，务必要均匀涂上导热硅胶，且固定螺丝必须拧紧，最好选用长度及螺纹一致的内六角螺丝固定。
5.如果并网后不久变频器状态跳到S60,之后又跳到同步检测状态，然后报Err671或Err536故障，检查发电机编码器及固定接线是否正常，此类情况，无法从SCADA监控软件或50ms Trace数据分辨异常转速。
6.如果与Err535同时报出，检查变频器是否正常。
7.如果测试变频器时烧滤波电阻，检查网侧电抗是否正常。",bachmann PLC故障,变流器
537,变频器请求功率与实际功率不等,实测功率与变频器理论功率偏差过大；电流互感器接线错误。,"1.检查三相电网电流是否平衡。
2.检查显示的三相电网电流与实际值是否相符（钳流表测得单根150电缆上的电流为面板显示电网相电流的1/5左右）。
3.检查电流互感器至变频器之间的接线是否有问题、顺序是否正确PM3000机组的图纸中，NCC300柜内电流互感器到变频器J26口接线是错误的，正确的为S1（1-cur-trans-a）接-V308.2-J26的2#口、S2（1-cur-trans-b）接-V308.2-J26的1#口；S1（2-cur-trans-a）接-V308.2-J26的4#口、S2（2-cur-trans-b）接-V308.2-J26的3#口；S1（3-cur-trans-a）接-V308.2-J26的6#口、S2（3-cur-trans-b）接-V308.2-J26的5#口。
4.如果功率时正时负波动大，检查发电机编码器及固定是否有问题。
5.检查网侧变频器电流检测板。
6.更换网侧变频器。",bachmann PLC故障,
538,风速仪24V保险,PLC DI280模块A242.1:17（i24Fus003）端口收不到反馈信号,1.检查是否有风速显示，如无风速，检查风速仪供电保险是否烧坏，保险在09年12月以后的图纸中已经改到4-5A，如保险烧坏，检查保险下端是否存在接地点，风速仪工作时使用钳流表测量保险流过的最大电流。如有风速，检查风速仪保险至DI280模块A242.1:17（i24Fus003）的反馈线路是否松动。,bachmann PLC故障,控制柜
541,网侧接触器690V保险,DIO280模块A242.1：19（i690Fus）端口收不到反馈信号,"1.检查NCC300-F102.2/3/4至DIO280模块A242.1：19（i690Fus）端口线路是否正常。（检查时需断开690V电源）。
2.检查NCC300柜内网侧350A保险（-F102.2/3/4）及反馈触点是否正常（检查时需断开690V电源）
3.如果350A保险烧坏，检查网侧接触器是否粘连或绝缘不够。检查滤波回路1欧姆电阻是否正常，如损坏，更换水冷滤波板或滤波电阻时，务必要均匀涂上导热硅胶，且固定螺丝必须拧紧，最好选用长度及螺纹一致的内六角螺丝固定。（原先梅花螺丝不易拧紧）。检查350A保险后端器件及电缆绝缘性，如是否存在电缆表皮磨破等问题。检查DBR电阻及线路是否正常。
4.如果与Err536、535等同时报出，检查变频器IGBT是否击穿。",bachmann PLC故障,控制柜
542,24V辅助电源保险,DIO280模块A242.1：18（i24Fus4）端口收不到反馈信号,"1.检查F230.4至DIO280模块A242.1：18（i24Fus4）线路是否正常。
2.检查F230.4保险(3.15A)是否正常,若保险烧坏，检查保险后端是否接地。",bachmann PLC故障,控制柜
543,变桨1通讯,变桨1变频器与PLC间通讯中断,"1.如有变桨子故障，参考变桨故障处理手册。
2.如果Lenze系统做Crowbar测试报，检查Crowbar测试时，24V电源是否下降很大（如：降到13V左右），导致变桨变频器电源瞬间供电不足。
3.如果一偏航就报，检查偏航启动时，变桨通讯线缆CAN—H与CAN—L间的电阻跳变，正常为120欧姆。如果跳变，分段检查问题产生点。
4.检查轮毂内控制柜之间的电缆是否固定良好（扎带固定好，不会来回甩动）。
5.检查PLC的CAN通讯接口到偏航变频器CAN口、变桨1变频器CAN之间的线路是否松动。
6.检查偏航变频器、变桨变频器CAN插头上的屏蔽线是否连接正常。",bachmann PLC故障,看门狗
544,变桨2通讯,变桨2变频器与PLC间通讯中断,"1.如有变桨子故障，参考变桨故障处理手册。
2.如果Lenze系统做Crowbar测试报，检查Crowbar测试时，24V电源是否下降很大（如：降到13V左右），导致变桨变频器电源瞬间供电不足。
3.如果一偏航就报，检查偏航启动时，变桨通讯线缆CAN—H与CAN—L间的电阻跳变，正常为120欧姆。如果跳变，分段检查问题产生点。
4.检查轮毂内控制柜之间的电缆是否固定良好（扎带固定好，不会来回甩动）。
5.检查PLC的CAN通讯接口到偏航变频器CAN口、变桨2变频器CAN之间的线路是否松动。
6.检查偏航变频器、变桨变频器CAN插头上的屏蔽线是否连接正常。",bachmann PLC故障,看门狗
545,变桨3通讯,变桨3变频器与PLC间通讯中断,"1.如有变桨子故障，参考变桨故障处理手册。
2.如果Lenze系统做Crowbar测试报，检查Crowbar测试时，24V电源是否下降很大（如：降到13V左右），导致变桨变频器电源瞬间供电不足。
3.如果一偏航就报，检查偏航启动时，变桨通讯线缆CAN—H与CAN—L间的电阻跳变，正常为120欧姆。如果跳变，分段检查问题产生点。
4.检查轮毂内控制柜之间的电缆是否固定良好（扎带固定好，不会来回甩动）。
5.检查PLC的CAN通讯接口到偏航变频器CAN口、变桨3变频器CAN之间的线路是否松动。
6.检查偏航变频器、变桨变频器CAN插头上的屏蔽线是否连接正常。",bachmann PLC故障,看门狗
546,SS-2叶轮超速刹车,PLC DI232模块A240.1:12（iSafBraSpe）端口收不到反馈信号,"1.检查滑环是否固定良好、支撑杆是否松动、万向节活动是否灵活、与齿轮箱连接的支撑杆是否在齿轮箱侧加装30mm螺母。
2.检查滑环编码器到机舱控制柜间的接线是否松动。
3.检查制动器间隙是否正常、制动盘是否摩刹车片。
4.检查滑环编码器及其供电是否有问题。
5.检查轮毂超速继电器、设置值及接线是否正常。",bachmann PLC故障,安全链
547,SS-3所有叶片错误,PLC DI232模块A240.1:13（ISafBraHub）端口收不到反馈信号,"1.检查PLC Err35故障检测端口（all 3 blades error）-浪涌-滑环-轮毂柜-滑环-浪涌回路线路及器件是否正常。 
2.检查轮毂柜内K25.7/K35.7/K45.7是否正常
3.检查轮毂内控制柜之间的电缆是否固定良好（扎带固定好，不会来回甩动）。",bachmann PLC故障,安全链
548,SS-4刹车存储继电器,PLC DI232模块A240.1:14（ISafBraStg）端口收不到反馈信号,"1.检查制动器传感器安装位置是否正确（正确的为长杆在中间，图纸代号为S222.6；短杆在旁边且有附件杆，图纸代号为S222.7）。
2.检查S222.6/S222.7传感器到PLC之间的线路是否存在问题。
3.bachmann简版机组程序问题，更新PLC程序到C14.143 20120427之后版。
4.更换传感器或制动器",bachmann PLC故障,安全链
549,扭缆保护,急停未拍下时，解缆保护信号触发超过2s,"1.如果故障不可复位，可能偏航凸轮开关设置或调节有误，偏航左、右极限位置的触发应先于解缆位置保护，即图纸中1、2号凸轮环应先于3号凸轮环触发。建议在电缆完全垂直状态下，重新调整偏航凸轮开关。
2.如果故障可复位，检查偏航电机刹车反馈回路是否有接地，导致偏航变频器20号端子无24V输出。找到接地点，处理好即可。",bachmann PLC故障,
550,叶片1回顺桨位置超时,桨叶在S3安全链停止状态中或S4正常停止状态中超时。,"1.检查是否卡桨，如是扭矩高导致卡桨，加注润滑油，若不是可以更新程序。
2.lenze系统报此故障可能电机刹车扭矩不够导致划桨产生，可以更新程序，如不管用，建议更换电机。
3.如果卡桨不能动弹，建议拆下变桨电机，手动盘变桨轴，看是否是减速机问题。",bachmann PLC故障,
551,叶片1到基准位置超时,"变桨在30秒内，找不到参考位置(b变桨一直在S7-Making reference
状态)","1.根据《1.5MW机组KEB变桨过电流等问题参数优化20120308.pdf方案》升级优化变桨参数。
2.更新PLC程序。
3.如果叶片卡死，手动变桨脱离卡死位置。                                    4.加注变桨润滑油。
5.拆下变桨电机，手动盘变桨轴。",bachmann PLC故障,
552,叶片1运行与命令状态不同,电气元件损坏,"1.检查安全链回路浪涌保护器。
2.检查安全链回路继电器。
3.检查安全链回路线路连接，PLC 故障检测端口（storage relay）-浪涌-滑环-轮毂柜-滑环-浪涌回路线路及器件是否正常。
4.检查轮毂内控制柜之间的电缆是否固定良好（扎带固定好，不会来回甩动）。",bachmann PLC故障,
553,叶片2回顺桨位置超时,桨叶在S3安全链停止状态中或S4正常停止状态中超时。,"1.检查是否卡桨，如是扭矩高导致卡桨，加注润滑油，若不是可以更新程序。
2.lenze系统报此故障可能电机刹车扭矩不够导致划桨产生，可以更新程序，如不管用，建议更换电机。
3.如果卡桨不能动弹，建议拆下变桨电机，手动盘变桨轴，看是否是减速机问题。",bachmann PLC故障,
554,叶片2到基准位置超时,"变桨在30秒内，找不到参考位置(b变桨一直在S7-Making reference
状态)","1.根据《1.5MW机组KEB变桨过电流等问题参数优化20120308.pdf方案》升级优化变桨参数。
2.更新PLC程序。
3.如果叶片卡死，手动变桨脱离卡死位置。                                    4.加注变桨润滑油。
5.拆下变桨电机，手动盘变桨轴。",bachmann PLC故障,
555,叶片2运行与命令状态不同,电气元件损坏,"1.检查安全链回路浪涌保护器。
2.检查安全链回路继电器。
3.检查安全链回路线路连接，PLC 故障检测端口（storage relay）-浪涌-滑环-轮毂柜-滑环-浪涌回路线路及器件是否正常。
4.检查轮毂内控制柜之间的电缆是否固定良好（扎带固定好，不会来回甩动）。",bachmann PLC故障,
556,叶片3回顺桨位置超时,桨叶在S3安全链停止状态中或S4正常停止状态中超时。,"1.检查是否卡桨，如是扭矩高导致卡桨，加注润滑油，若不是可以更新程序。
2.lenze系统报此故障可能电机刹车扭矩不够导致划桨产生，可以更新程序，如不管用，建议更换电机。
3.如果卡桨不能动弹，建议拆下变桨电机，手动盘变桨轴，看是否是减速机问题。",bachmann PLC故障,
557,叶片3到基准位置超时,"变桨在30秒内，找不到参考位置(b变桨一直在S7-Making reference
状态)","1.根据《1.5MW机组KEB变桨过电流等问题参数优化20120308.pdf方案》升级优化变桨参数。
2.更新PLC程序。
3.如果叶片卡死，手动变桨脱离卡死位置。                                    4.加注变桨润滑油。
5.拆下变桨电机，手动盘变桨轴。",bachmann PLC故障,
558,叶片3运行与命令状态不同,电气元件损坏,"1.检查安全链回路浪涌保护器。
2.检查安全链回路继电器。
3.检查安全链回路线路连接，PLC 故障检测端口（storage relay）-浪涌-滑环-轮毂柜-滑环-浪涌回路线路及器件是否正常。
4.检查轮毂内控制柜之间的电缆是否固定良好（扎带固定好，不会来回甩动）。",bachmann PLC故障,
559,齿轮箱油温PT100故障,电气元件损坏,"1.检查安全链回路浪涌保护器。
2.检查安全链回路继电器。
3.检查安全链回路线路连接，PLC 故障检测端口（storage relay）-浪涌-滑环-轮毂柜-滑环-浪涌回路线路及器件是否正常。
4.检查轮毂内控制柜之间的电缆是否固定良好（扎带固定好，不会来回甩动）。",bachmann PLC故障,
560,变桨1伺服盒连接,系统检测到变桨手动操作盒连接，此故障用于防止操作盒连接时机组误启机。,1.检查变桨1/2/3手动操作盒是否连接到变桨控制柜。,bachmann PLC故障,
561,叶片1驱动故障,变桨驱动出问题，具体原因参考变桨子故障,"1.检查核对变桨子故障。
2.如果三个故障同时报，检查滑环是否有问题。
3.检查轮毂内控制柜之间的电缆是否固定良好（扎带固定好，不会来回甩动）。",bachmann PLC故障,
562,预留,,,bachmann PLC故障,
563,变桨2伺服盒连接,系统检测到变桨手动操作盒连接，此故障用于防止操作盒连接时机组误启机。,1.检查变桨1/2/3手动操作盒是否连接到变桨控制柜。,bachmann PLC故障,
564,叶片2驱动故障,变桨驱动出问题，具体原因参考变桨子故障,"1.检查核对变桨子故障。
2.如果三个故障同时报，检查滑环是否有问题。
3.检查轮毂内控制柜之间的电缆是否固定良好（扎带固定好，不会来回甩动）。",bachmann PLC故障,
565,预留,,,bachmann PLC故障,
566,变桨3伺服盒连接,系统检测到变桨手动操作盒连接，此故障用于防止操作盒连接时机组误启机。,1.检查变桨1/2/3手动操作盒是否连接到变桨控制柜。,bachmann PLC故障,
567,叶片3驱动故障,变桨驱动出问题，具体原因参考变桨子故障,"1.检查核对变桨子故障。
2.如果三个故障同时报，检查滑环是否有问题。
3.检查轮毂内控制柜之间的电缆是否固定良好（扎带固定好，不会来回甩动）。",bachmann PLC故障,
568,叶片1位置偏大,PLC计算的变桨角度与实际变桨角度偏差2度超过1秒,"1.检查变桨轴承是否正常。
2.检查变桨变频器到变桨电机的电源线及连接。
3.检查变桨变频器到变桨电机的编码器线线及连接。",bachmann PLC故障,
569,叶片2位置偏大,PLC计算的变桨角度与实际变桨角度偏差2度超过1秒,"1.检查变桨轴承是否正常。
2.检查变桨变频器到变桨电机的电源线及连接。
3.检查变桨变频器到变桨电机的编码器线线及连接。",bachmann PLC故障,
570,叶片3位置偏大,PLC计算的变桨角度与实际变桨角度偏差2度超过1秒,"1.检查变桨轴承是否正常。
2.检查变桨变频器到变桨电机的电源线及连接。
3.检查变桨变频器到变桨电机的编码器线线及连接。",bachmann PLC故障,
571,"叶片位置不同步,偏慢",变桨在工作位置状态未限制角度时，三个桨叶角度偏差1度大于1秒,"1.更新PLC程序。
2.进行静态测试，反复手动变桨，通过控制面板观察三个叶片的变化角度，各个叶片的角度差是否大于1度。若是，可能滑环损坏。                                                           ",bachmann PLC故障,
572,"叶片位置不同步,偏快",变桨在工作位置状态未限制角度时，三个桨叶角度偏差1度大于0.5秒,"1.更新PLC程序。
2.进行静态测试，反复手动变桨，通过控制面板观察三个叶片的变化角度，各个叶片的角度差是否大于1度。若是，可能滑环损坏。",bachmann PLC故障,
573,最大轮毂速度与最大允许值不符,叶片回到顺桨位置的速到没到达到额定设置的最大值,"1.检查变桨轴承。
2.检查变桨减速机。",bachmann PLC故障,
574,叶片1基准位置故障,变桨停止位置与实际停止参考角度误差大于0.1度,"1.加变桨油脂。
2.按照《1.5MW机组KEB变桨过电流等问题参数优化20120308.pdf》，检查变桨变频器参数。
3.检查变桨轴承。",bachmann PLC故障,
575,叶片2基准位置故障,变桨停止位置与实际停止参考角度误差大于0.1度,"1.加变桨油脂。
2.按照《1.5MW机组KEB变桨过电流等问题参数优化20120308.pdf》，检查变桨变频器参数。
3.检查变桨轴承。",bachmann PLC故障,
576,叶片3基准位置故障,变桨停止位置与实际停止参考角度误差大于0.1度,"1.加变桨油脂。
2.按照《1.5MW机组KEB变桨过电流等问题参数优化20120308.pdf》，检查变桨变频器参数。
3.检查变桨轴承。",bachmann PLC故障,
577,叶片1限位开关在可停机状态未动作,变桨状态在S6时，接近开关反馈出错,"1.按照《1.5MW机组KEB变桨过电流等问题参数优化20120308.pdf》，检查变桨变频器参数。
2.如果叶片停在9点方向报此故障，可能是刹车未关闭导致，检查继电器K25.8/K35.8/K45.8是否正常。
3.检查是否划桨（特别是lenze电机），可能是变桨电机刹车扭矩不够导致划桨。                         ",bachmann PLC故障,
578,叶片2限位开关在可停机状态未动作,变桨状态在S6时，接近开关反馈出错,"1.按照《1.5MW机组KEB变桨过电流等问题参数优化20120308.pdf》，检查变桨变频器参数。
2.如果叶片停在9点方向报此故障，可能是刹车未关闭导致，检查继电器K25.8/K35.8/K45.8是否正常。
3.检查是否划桨（特别是lenze电机），可能是变桨电机刹车扭矩不够导致划桨。                         ",bachmann PLC故障,
579,叶片3限位开关在可停机状态未动作,变桨状态在S6时，接近开关反馈出错,"1.按照《1.5MW机组KEB变桨过电流等问题参数优化20120308.pdf》，检查变桨变频器参数。
2.如果叶片停在9点方向报此故障，可能是刹车未关闭导致，检查继电器K25.8/K35.8/K45.8是否正常。
3.检查是否划桨（特别是lenze电机），可能是变桨电机刹车扭矩不够导致划桨。                         ",bachmann PLC故障,
580,叶片1限位开关在安全状态未动作,变桨状态在S5时，接近开关反馈出错,"1.按照《1.5MW机组KEB变桨过电流等问题参数优化20120308.pdf》，检查变桨变频器参数。
2.如果叶片停在9点方向报此故障，可能是刹车未关闭导致，检查继电器K25.8/K35.8/K45.8是否正常。
3.检查是否划桨（特别是lenze电机），可能是变桨电机刹车扭矩不够导致划桨。                             ",bachmann PLC故障,
581,叶片2限位开关在安全状态未动作,变桨状态在S5时，接近开关反馈出错,"1.按照《1.5MW机组KEB变桨过电流等问题参数优化20120308.pdf》，检查变桨变频器参数。
2.如果叶片停在9点方向报此故障，可能是刹车未关闭导致，检查继电器K25.8/K35.8/K45.8是否正常。
3.检查是否划桨（特别是lenze电机），可能是变桨电机刹车扭矩不够导致划桨。                             ",bachmann PLC故障,
582,叶片3限位开关在安全状态未动作,变桨状态在S5时，接近开关反馈出错,"1.按照《1.5MW机组KEB变桨过电流等问题参数优化20120308.pdf》，检查变桨变频器参数。
2.如果叶片停在9点方向报此故障，可能是刹车未关闭导致，检查继电器K25.8/K35.8/K45.8是否正常。
3.检查是否划桨（特别是lenze电机），可能是变桨电机刹车扭矩不够导致划桨。                             ",bachmann PLC故障,
583,快速停止超时（高速时）, ---,"1.检查变桨扭矩。
2.检查变桨爱那个轴承润滑。",bachmann PLC故障,
584,快速停止超时（低速时）, ---,同上,bachmann PLC故障,
585,全速停止超时（高速时）, ---,"1.检查变桨扭矩。
2.检查变桨爱那个轴承润滑。",bachmann PLC故障,
586,全速停止超时（低速时）, ---,同上,bachmann PLC故障,
587,安全链停止超时（高速时）, ---,同上,bachmann PLC故障,
588,安全链停止超时（低速时）, ---,同上,bachmann PLC故障,
589,网侧变频器电流测量,网侧变频器电流测量问题,"1.手动测试Crowbar，看静态时lsccur是否小于50A，如果lsccur为300多安培，建议更换LSC。
2.如果lsccur在30-50A之间报故障，建议更换新版PLC程序。
3.变频器断电。
4.更换LSC。",bachmann PLC故障,
590,机侧变频器电流测量,机侧变频器电流测量问题,"1.手动测试Crowbar，看静态时gsccur是否小于50A，如果gsccur为300多安培，建议更换GSC。
2.如果gsccur在30-50A之间报故障，建议更换新版PLC程序。
3.变频器断电
4.更换GSC",bachmann PLC故障,
591,预充电过程直流母线电压高于网侧电压（150V）,网侧电抗问题,"1.如果断开滤波回路125A保险后正常，检查滤波回路1欧电阻、0.1微法电容及其它器件。
2.如果断开滤波回路125A保险无效果，断开网侧变频器交流母排外接电缆后正常，检查网侧电抗是否有问题。

",bachmann PLC故障,
592,偏航变频器供电接触器故障,偏航变频器接触器反馈错误,"1.检查偏航变频器接触器供电及反馈回路是否正常。
2.检查偏航变频器接触器是否正常。",bachmann PLC故障,
593,水温加热器接触器故障,偏航变频器接触器反馈错误,"1.检查偏航变频器接触器供电及反馈回路是否正常。
2.检查偏航变频器接触器是否正常。",bachmann PLC故障,
594,轮毂滑差波动超标,系统测得轮毂滑环编码器转速超过限值,"1.检查滑环的固定，支撑杆应紧固，滑环在旋转方向上应能够轻微旋动。
2.检查RotSpe1和RotSpe2信号，如有一路失真，则可能是滑环编码故障。
3.检查turck继电器及接线是否正常。",bachmann PLC故障,
595,变桨柜1温度过高,变桨变频器风扇损坏或变频器损坏,"1.检查变桨变频器风扇。
2.检查变桨变频器。",bachmann PLC故障,
596,变桨柜2温度过高,变桨变频器风扇损坏或变频器损坏,"1.检查变桨变频器风扇。
2.检查变桨变频器。",bachmann PLC故障,
597,变桨柜3温度过高,变桨变频器风扇损坏或变频器损坏,"1.检查变桨变频器风扇。
2.检查变桨变频器。",bachmann PLC故障,
598,平均变桨转矩故障,平均变桨扭矩大于限值超时,"1.更新PLC程序。
2.检查变桨扭矩是否正常。",bachmann PLC故障,
599,柜内冷却风扇接触器故障,,,bachmann PLC故障,
600,齿轮箱加热器线路故障,,,bachmann PLC故障,
601,变频器供电保险断开,,,bachmann PLC故障,
602,Circuit breaker suction hose pump,,,bachmann PLC故障,
603,变速箱油压过低,转速大于100rpm时，齿轮箱油压小于0.5bar超过1min,"1.检查齿轮箱油压传感器接线。
2.检查油压传感器供电电源。
3.检查油泵电机工作是否正常。
4.检查程序中传感器选型（数字量/模拟量是否选错，OilPreSenDig为False时表示模拟量油压传感器，反之为数字量油压传感器）。
5.数字量油压传感器设置方法：
按住moder，然后给传感器通电。SP1:0.6； HY1:0.1； SP2:15；  HY2:0.5；s1:on；  s2:off；
继续连续按几次moder至END。将NO改为YES。所有的设置均保存。
油压传感器的连线图参见017. 0034.01A的X226.5。",bachmann PLC故障,
604,变速箱油泵为启动压力过高,线路接错或程序问题,"1.检查油压传感器接线。
2.如为数字量油压传感器，检查油压数字量油压传感器设置值。检查油压传感器显示屏显示值与控制面板显示值是否一致。
3.检查程序中传感器选型（数字量/模拟量是否选错，OilPreSenDig为False时表示模拟量油压传感器，反之为数字量油压传感器）。",bachmann PLC故障,
605,齿轮箱加热超时,齿轮箱加热时间超过6h,"1.检查齿轮箱加热回路线路是否正常。
2.检查齿轮箱加热器是否正常。",bachmann PLC故障,
606,电池充电超时,蓄电池充电时间超过6h,"1.检查电池充电回路线路。
2.检查充电回路电阻阻值。
3.检查充电回路继电器、接触器。
4.检查电池实际电压在充电状态下是否上涨。",bachmann PLC故障,
607,水泵加热断路器,蓄电池充电时间超过6h,"1.检查电池充电回路线路。
2.检查充电回路电阻阻值。
3.检查充电回路继电器、接触器。
4.检查电池实际电压在充电状态下是否上涨。",bachmann PLC故障,
608,转速信号不同,SpeRot1与SpeRot2之间差值大于100rpm超过1s,"1.检查TRUCK超速继电器及其调节值是否正常。
2.检查滑环编码器信号反馈是否正常。                                                ",bachmann PLC故障,
609,预留,,,bachmann PLC故障,
610,预留,,,bachmann PLC故障,
611,转子转速信号错误,A240.3-EW6.01接收到的叶轮转速2信号反馈小于4mA,"1.检查B234.6 turck继电器到PLC的线路。
2.检查B234.6 turck供电电源。
3.更换B234.6 turck继电器",bachmann PLC故障,
612,塔基UPS报警,塔基柜UPS报警信号触发,"1.检查塔基柜UPS是否报警。
2.检查塔基柜UPS反馈信号是否正常。",bachmann PLC故障,
613,塔基电源供应断路器,塔基电源断路器反馈信号触发,1.检查电源断路器及反馈信号是否正常。,bachmann PLC故障,
614,Circuit breaker standstill heating,塔基电源断路器反馈信号触发,1.检查电源断路器及反馈信号是否正常。,bachmann PLC故障,
615,NCC310 柜急停按钮,NCC310柜急停按钮拍下或线路问题,"1.检查NCC310柜急停按钮是否拍下。
2.检查急停按钮反馈回路24Vdc是否正常。
3.检查急停及急停反馈线路是否正常。",bachmann PLC故障,
616,CTB300齿轮箱急停按钮,齿轮箱左右侧急停按钮拍下或线路问题,"1.检查齿轮箱急停按钮是否拍下。
2.检查急停按钮反馈回路24Vdc是否正常。
3.检查急停及急停反馈线路是否正常。",bachmann PLC故障,
617,TBC100 急停按钮,TBC100柜急停按钮拍下或线路问题,"1.检查塔基柜急停按钮是否拍下。
2.检查急停按钮反馈回路24Vdc是否正常。
3.检查急停及急停反馈线路是否正常。",bachmann PLC故障,
618,机舱电池电压高或无连接,电池电压大于450V超过0.5s,"1.检查电池电压测量回路电阻是否正常（220K±3K/4.7K±0.2K）。
2.检查电池电压测量回路线路连接是否正常。
3.检查电池电压测量回路电压/电流变送器是否正常。",bachmann PLC故障,
619,高压变压器温度,系统检测到箱变温度低于-20度或高于155度,"1.检查系统接收的箱变绕组温度信号是否使用100欧电阻替代，若是，检查电阻接线是否正常。若否，检查箱变实际反馈的信号是否正常。
2.检查测温回路浪涌是否正常。                       ",bachmann PLC故障,
620,发电机PT100传感器故障1,发电机绕组温度小于-50或大于250度,"1.检查发电机绕组测温PT100至PLC模块间线路。
2.测量发电机绕组测温PT100阻值，0度时电阻为100欧左右，温度每上升1度，电阻值上升0.39欧。
3.如果PT100损坏，改接线到备用PT100，如果同相绕组的2个PT100均损坏，联系发电机厂家解决。",bachmann PLC故障,
621,发电机PT100传感器故障2,发电机绕组温度小于-50或大于250度,"1.检查发电机绕组测温PT100至PLC模块间线路。
2.测量发电机绕组测温PT100阻值，0度时电阻为100欧左右，温度每上升1度，电阻值上升0.39欧。
3.如果PT100损坏，改接线到备用PT100，如果同相绕组的2个PT100均损坏，联系发电机厂家解决。",bachmann PLC故障,
622,发电机PT100传感器故障3,发电机绕组温度小于-50或大于250度,"1.检查发电机绕组测温PT100至PLC模块间线路。
2.测量发电机绕组测温PT100阻值，0度时电阻为100欧左右，温度每上升1度，电阻值上升0.39欧。
3.如果PT100损坏，改接线到备用PT100，如果同相绕组的2个PT100均损坏，联系发电机厂家解决。",bachmann PLC故障,
623,发电机轴承驱动侧PT100传感器,发电机驱动端轴承温度小于-50或大于250度,"1.检查发电机驱动端轴承测温PT100至PLC模块间线路。
2.测量发电机驱动端轴承测温PT100阻值，0度时电阻为100欧左右，温度每上升1度，电阻值上升0.39欧。
3.如果PT100损坏，改接线到备用PT100，如果同相绕组的2个PT100均损坏，联系发电机厂家解决。",bachmann PLC故障,
624,发电机轴承非驱动侧PT100传感器故障,发电机非驱动端轴承温度小于-50或大于250度,"1.检查发电机非驱动端轴承测温PT100至PLC模块间线路。
2.测量发电机非驱动端轴承测温PT100阻值，0度时电阻为100欧左右，温度每上升1度，电阻值上升0.39欧。
3.如果PT100损坏，改接线到备用PT100，如果同相绕组的2个PT100均损坏，联系发电机厂家解决。",bachmann PLC故障,
625,变速箱轴承PT100传感器故障,齿轮箱轴承温度小于-50或大于250度,"1.检查齿轮箱轴承测温PT100至PLC模块间线路。
2.测量齿轮箱轴承测温PT100阻值，0度时电阻为100欧左右，温度每上升1度，电阻值上升0.39欧。
3.如果PT100损坏，改接线到备用PT100（一个传感器内部有两组接线，代表两个PT），如果2个PT均损坏，更换PT。",bachmann PLC故障,
626,变速箱油PT100温传感器,齿轮箱油温温度小于-50或大于250度,"1.检查齿轮箱油温测温PT100至PLC模块间线路。
2.测量齿轮箱油温测温PT100阻值，0度时电阻为100欧左右，温度每上升1度，电阻值上升0.39欧。
3.如果PT100损坏，改接线到备用PT100（一个传感器内部有两组接线，代表两个PT），如果2个PT均损坏，更换PT。",bachmann PLC故障,
627,机舱电池电压低或无连接,电池电压小于100V超过1s或电池电压小于330V超过20s,"1.检查电池柜内空开及NCC310柜电池开关是否闭合。
2.检查电池实际电压是否与显示电压一直。
3.检查电池柜内每组电池电压是否差别很大。
4.检查电池电压测量回路电阻是否正常（220K±3K/4.7K±0.2K）。
5.检查电池电压测量回路线路连接是否正常。
6.检查电池电压测量回路电压/电流变送器是否正常。
7.检查电网断电后电池切出保护功能是否正常（停电时，ABB、bachmann简版机组延时5-10min切出，bachmann+PM3000W机组延时5mink210.5机械锁动作，延时15-20min机舱断电，延时30min塔基断电）。",bachmann PLC故障,
628,机舱温度高,机舱温度大于55度,"1.检查机舱测温PT100接线及阻值。
2.检查机舱实际温度是否确实高，检查油冷扇热器帆布是否安装不好，导致热风吹到机舱内部。",bachmann PLC故障,
629,机舱温度传感器故障,机舱温度小于-50度或大于250度,1.检查机舱测温PT100接线及阻值。,bachmann PLC故障,
630,转子扼流电路温度高,机侧电抗温度大于155度,"1.检查机侧电抗测温PT100是否正常。
2.检查机侧电抗测温PT100至PLC模块间线路是否正常。
3.检查水冷系统及NCC320柜内风扇是否正常。
4.bachmann+PM3000W机组检查电抗上端风扇是否工作正常。",bachmann PLC故障,
631,网侧变频器滤波器熔断器,滤波保险反馈出错,"1.检查滤波回路保险及反馈信号是否正常。可能是1欧滤波电阻烧坏引起保险烧坏。更换滤波电阻时必须均匀涂抹导热硅胶，且固定螺丝必须拧紧（原先梅花螺丝不易拧紧，建议使用内六角螺丝紧固）。
2.如果仅仅是反馈信号出问题，滤波保险正常，建议将该反馈信号去除（017[1].0034.02B版图纸开始已经不检测该反馈信号）。",bachmann PLC故障,
632,发电状态下定子断路器反馈信号丢失,发电状态下定子断路器反馈信号异常,1.检查定子断路器反馈信号是否正常。,bachmann PLC故障,
633,环境温度过高,环境温度大于50度,"1.检查环境PT100及其线路是否正常。
2.如果使用Thies风速仪测量环境温度，建议技改为外接PT测温。
3.如果已经技改为外接PT测温，检查程序中是否设置为外接PT测温。",bachmann PLC故障,
634,发电机温度高,发电机绕组最高温度大于155度,"1.检查发电机三相绕组温度是否有高于155度，如有，检查对应项测温PT及线路。
2.测量对应PT100阻值，0度时电阻为100欧左右，温度每上升1度，电阻值上升0.39欧。
3.如果PT100损坏，改接线到备用PT100，如果备用PT也损坏，联系发电机厂家解决。",bachmann PLC故障,
635,发电机轴承温度高,发电机轴承温度大于110度,"1.检查发电机轴承温度是否有高于110度，如有，检查对应测温PT及线路。
2.测量对应PT100阻值，0度时电阻为100欧左右，温度每上升1度，电阻值上升0.39欧。
3.如果PT100损坏，改接线到备用PT100，如果备用PT也损坏，联系发电机厂家解决。",bachmann PLC故障,
636,齿轮箱油温,齿轮箱油温大于80度,"1.检查油冷风扇电机是否接在高速侧，风扇转向是否正确（正常是往外抽风）。
2.检查轴温PT100接线是否松动，测出的温度与实际温度是否相符。
3.检查油温PT和轴温PT是否接反。
4.测量轴温PT100阻值，0度时电阻为100欧左右，温度每上升1度，电阻值上升0.39欧。
5.如果PT100损坏，改接到备用PT100，如果备用PT也损坏，更换PT。
6.检查油冷部分，包括油冷风扇/管路/散热片，可通过手动启动风扇的方法判断其是否运行，手摸油管判断油是否流经散热片，如果油没有流经大循环，散热片接入油管温度会不高，可能是油冷泵的温控阀损坏，需更换温控阀。
7.检查油冷散热片是否堵塞，灰层是否较多，若是，需及时清洗。
8.如果油压很低，检查油过滤器滤芯是否有问题。
",bachmann PLC故障,
637,机舱控制柜温度,机舱控制柜温度大于65度,"1.检查机舱控制柜NCC300-320温度是否有大于65的。
2.机舱控制柜NCC300-320测温PT及接线是否正常。
3.检查水冷系统是否正常。
4.检查机舱控制柜内加热器是否一直工作，若是，检查温控开关及调节值是否正常（机舱控制柜内温控开关设定值在5-10度为宜，太低对电气元件工作不利，送电瞬间易烧坏电源等）。
5.检查柜内风扇工作是否正常。
6.检查柜内温控开关设定值及工作是否正常。",bachmann PLC故障,
638,齿轮箱轴承温度,齿轮箱轴承温度大于95度,"1.检查油冷风扇电机是否接在高速侧，风扇转向是否正确（正常是往外抽风）。
2.检查油温PT100接线是否松动，测出的温度与实际温度是否相符。
3.测量油温PT100阻值，0度时电阻为100欧左右，温度每上升1度，电阻值上升0.39欧。
4.如果PT100损坏，改接到备用PT100，如果备用PT也损坏，更换PT。
5.检查油冷部分，包括油冷风扇/管路/散热片，可通过手动启动风扇的方法判断其是否运行，手摸油管判断油是否流经散热片，如果油没有流经大循环，散热片接入油管温度会不高，可能是油冷泵的温控阀损坏，需更换油冷泵。 6.如果油压很低，检查油过滤器滤芯是否有问题。",bachmann PLC故障,
639,刹车盘 磨损> 2 mm,0,"1.检查S222.6（安装在制动器中间位置的传感器）刹车报警传感器线路。
2.检查S222.6传感器固定是否松动。
3.检查刹车片是否磨损到需要更换。
+H107",bachmann PLC故障,
640,刹车泵无压力,PLC模块接收不到制动泵压力反馈,"1.检查制动器液压油位、压力传感器供电及反馈信号
2.将+NCC310柜门上开关打到手动，手动反复启动制动器，同时测量制动器反馈24VDC信号，制动器打开时，应有反馈24VDC信号。
3.检查制动器压力开关反馈信号接线，通常为棕色线brown: +TB300-X222.3:3 / 蓝色线blue: +TB300-X222.3:2 / 黑色线black: +TB300-X222.3:4。有时候反馈线的延时不是黑色，可能是白色。
4.如果雷雨天气导致，可能是压力开关受雷击损坏，建议更换并及时做好防雷技改和零地分离技改。
5.更换防雷能力强的制动器压力传感器。",bachmann PLC故障,
641,安全链未检测到刹车关闭,机组手动/自动转换开关在自动档时，Ibra反馈为0V，但是ISafBraPos有24V。,"1.检查PLC A240.3-E62.14 (ISafBraPos)端口是否有24Vdc信号反馈。
2.检查k228.8继电器工作是否正常。
3.检查制动器位置传感器S222.7至A240.3-E62.03 (IBra)端口线路是否松动。
4.检查k246.1:11至k228.8:14间线路是否正常。",bachmann PLC故障,
642,变速箱油位低,油位传感器信号触发或线路松动,"1.检查实际油位是否低（油温在20度左右时，油位处于油位计的红色标记范围或2/3处为宜，刚吊装机组建议：冬季加到2/3, 夏季加到4/5）。
2.检查是否漏油、渗油。
3.检查油位开关供电是否正常。
4.检查油位开关至PLC模块间线路是否松动。
5.如果不漏油且油温在35度以下报此故障，建议更新PLC程序。
6.如果齿轮箱厂家为南高齿，可能是油位开关本身质量问题，建议更换新型油位计或联系厂家更换新型油位计。",bachmann PLC故障,
643,变速箱油温,齿轮箱油温开关触发或线路松动,"1.检查故障发生时实际油温、轴温是否大于90度。
2.检查GB300-S226.3油温开关电源是否正常。
3.检查GB300-S226.3油温开关至PLC模块IGeaTem端口线路是否松动。
4.检查油温开关工作是否正常（小于90度时为常闭点）。",bachmann PLC故障,
644,刹车泵断路器,制动泵电机保护空开（电机启动器）反馈信号错误,"1.检查制动泵电机空开是否跳闸，如果跳闸，检查空开下端是否存在接地点（如：接触器损坏、线路接地、短路、制动泵电机损坏等）。
2.检查制动泵电机保护空开反馈IBraPumFus是否正常，线路是否松动。",bachmann PLC故障,
645,预充电旁路断路器,预充电旁路接触器状态错误,"1.检查预充电旁路接触器K340.3控制及反馈是否正常。
2.检查预充电旁路接触器K340.3是否正常。",bachmann PLC故障,
646,网侧扼流电抗PT100断线或损坏,预充电旁路接触器状态错误,"1.检查预充电旁路接触器K340.3控制及反馈是否正常。
2.检查预充电旁路接触器K340.3是否正常。",bachmann PLC故障,
647,"电池测试失败3次,低电压",电池测试中高低负载电压偏差不符合要求,"1.检查电池电压测试电阻是否正常（2个100欧并联,R202.4和R202.5)。
2.检查蓄电池柜温度是否低于5度，若是等待加热，如果温度不上升，检查电池柜内加热器工作是否正常。
3.检查NCC310柜内K257.4/K212.2是否正常。
4.检查NCC310柜内K212.4辅助触点是否正常。
bachmann PM3000W机组电池测试接触器动作过程如下：
快充--K210.5断开瞬间再吸合--K212.2吸合，再断开。",bachmann PLC故障,
648,NC300柜PT100断线或损坏,电池测试中高低负载电压偏差不符合要求,"1.检查电池电压测试电阻是否正常（2个100欧并联,R202.4和R202.5)。
2.检查蓄电池柜温度是否低于5度，若是等待加热，如果温度不上升，检查电池柜内加热器工作是否正常。
3.检查NCC310柜内K257.4/K212.2是否正常。
4.检查NCC310柜内K212.4辅助触点是否正常。
bachmann PM3000W机组电池测试接触器动作过程如下：
快充--K210.5断开瞬间再吸合--K212.2吸合，再断开。",bachmann PLC故障,
649,NC310柜PT100断线或损坏,电池测试中高低负载电压偏差不符合要求,"1.检查电池电压测试电阻是否正常（2个100欧并联,R202.4和R202.5)。
2.检查蓄电池柜温度是否低于5度，若是等待加热，如果温度不上升，检查电池柜内加热器工作是否正常。
3.检查NCC310柜内K257.4/K212.2是否正常。
4.检查NCC310柜内K212.4辅助触点是否正常。
bachmann PM3000W机组电池测试接触器动作过程如下：
快充--K210.5断开瞬间再吸合--K212.2吸合，再断开。",bachmann PLC故障,
650,NC320柜PT100断线或损坏,电池测试中高低负载电压偏差不符合要求,"1.检查电池电压测试电阻是否正常（2个100欧并联,R202.4和R202.5)。
2.检查蓄电池柜温度是否低于5度，若是等待加热，如果温度不上升，检查电池柜内加热器工作是否正常。
3.检查NCC310柜内K257.4/K212.2是否正常。
4.检查NCC310柜内K212.4辅助触点是否正常。
bachmann PM3000W机组电池测试接触器动作过程如下：
快充--K210.5断开瞬间再吸合--K212.2吸合，再断开。",bachmann PLC故障,
651,自动刹车调节,PLC接收的刹车自动调节信号丢失,"1.检查PLC A240.3-E62.04 (IBraAdj)端口是否有24Vdc信号反馈。
2.检查制动器位置传感器S222.7至A240.3-E62.04 (IBraAdj)端口线路是否松动。
3.检查制动器位置传感器S222.7是否松动。
4.检查S222.6与S222.7是否接反。
5.检查刹车间隙是否满足要求。",bachmann PLC故障,
652,机侧扼流电抗PT100断线或损坏,PLC接收的刹车自动调节信号丢失,"1.检查PLC A240.3-E62.04 (IBraAdj)端口是否有24Vdc信号反馈。
2.检查制动器位置传感器S222.7至A240.3-E62.04 (IBraAdj)端口线路是否松动。
3.检查制动器位置传感器S222.7是否松动。
4.检查S222.6与S222.7是否接反。
5.检查刹车间隙是否满足要求。",bachmann PLC故障,
653,驱动侧振动传感器线路或者传感器损坏,PLC接收的刹车自动调节信号丢失,"1.检查PLC A240.3-E62.04 (IBraAdj)端口是否有24Vdc信号反馈。
2.检查制动器位置传感器S222.7至A240.3-E62.04 (IBraAdj)端口线路是否松动。
3.检查制动器位置传感器S222.7是否松动。
4.检查S222.6与S222.7是否接反。
5.检查刹车间隙是否满足要求。",bachmann PLC故障,
654,保险断或直流电源接地,系统检测到F200.2空开反馈信号丢失,"1.检查F200.2空开是否断开或损坏，如果跳开，检查空开下端是否有接地点。
2.检查F200.2空开反馈是否有问题。
3.如果空开跳开，检查变桨变频器＋＋端口与PB间的制动电阻是否有问题。
4.如果空开跳开，检查变桨控制柜间电源线是否有问题。
5.如果空开跳开，检查蓄电池是否正常。   ",bachmann PLC故障,
655,未达到刹车打开位置,系统检测不到刹车打开信号,"1.检查S222.7传感器至PLC模块间线路是否松动。
2.检查S222.7传感器是否正常。
3.检查制动器间隙是否正常。",bachmann PLC故障,
656,变速箱高速回路断路器,系统检测到Q112.4空开反馈信号丢失,"1.检查Q112.4空开是否跳闸。
2.如果Q112.4空开跳闸，检查空开下端是否存在接地点。
3.检查油泵电机是否损坏、运行时是否有异常噪音。
4.检查Q112.4空开调节值是否正确。
5.如果因箱变高压侧跌落保险问题造成Q112.4空开跳闸，确认调节值无问题后，重新合上即可。",bachmann PLC故障,
657,叶轮锁止开关不在自动位置,系统检测到NCC310柜门自动/手动 钥匙在手动位置,"1.检查NCC310柜门自动/手动 钥匙是否在手动位置，自动运行时需要转到自动位置。
2.检查NCC310柜门自动/手动 钥匙是否工作正常。",bachmann PLC故障,
658,刹车阀故障,系统检测到制动泵频繁动作超过15s,"1.检查制动器电池阀Y222.4供电是否正常。
2.检查制动器电池阀Y222.4接线是否松动。
3.检查制动器电池阀Y222.4是否损坏。",bachmann PLC故障,
659,400V电源故障,系统检测到400V电源中断,"1.检查机组400V外接电源是否正常，箱变400V是否跳闸。
2.检查三相400V电源监视继电器是否正常。
3.检查三相400V电源监视继电器至PLC测量模块间线路是否正常。
4.检查三相400V多功能继电器调节值是否正确（bachmann+PM3000W机组）。
5.检查是否与Err142同时报出，若是，按照Err142处理方案处理。",bachmann PLC故障,
660,400V电池接触器2,系统检测到电池状态处于S7-BatStaEar状态（电池电压大于650V超过10s）,"1.检查电池柜及电池电压充电、测量回路是否松动，是否存在接地点。
2.检查电池电压测量测量回路电阻是否正常。（220K±3K/4.7K±0.2K）。
3.检查电池电压测量回路电压/电流变送器是否正常。
4.检查电池柜内电池是否存在鼓包、破损现象。
5.检查电池柜内每组电池电压是否正常。
6.检查电池放电保护继电器（k210.5）是否正常。
7.检查电池放电保护继电器（k210.5）机械锁线圈对地阻值是否正常。",bachmann PLC故障,
661,变速箱低速断路器,系统检测到Q112.2空开反馈信号丢失,"1.检查Q112.2空开是否跳闸。
2.如果Q112.2空开跳闸，检查空开下端是否存在接地点。
3.检查油泵电机是否损坏、运行时是否有异常噪音。
4.检查Q112.2空开调节值是否正确。
5.如果因箱变高压侧跌落保险问题造成Q112.2空开跳闸，确认调节值无问题后，重新合上即可。",bachmann PLC故障,
662,叶轮转速相对测得的发电机转速过小,叶轮转速减去发电机转速<-200rpm超过500ms,"1.检查超速继电器调节值是否正确，右边的1000与左边的1000是否调反，正常是右边调成1000。
2.检查叶轮转速是否正常。
3.检查发电机转速是否突变。
4.检查SpeRot1、SpeRot2转速是否都正常。
5.若为阵风引起，可能PLC程序版本较旧，更新PLC程序。",bachmann PLC故障,
663,发电机转速相对测得的叶轮转速过小,叶轮转速减去发电机转速>200rpm超过500ms,"1.检查超速继电器设置，正确值为（以77叶轮直径机组turck继电器为例）1000MHz/4/6/90/0.5；                                                                    2.服务模式下，启动变桨观察Pitch及Converter菜单下轮毂、发电机转速值是否平稳。
3.使用Rheintacho rotas超速继电器的机组，如果停机或启机偏航过程中报，检查滑环编码器脉冲信号反馈是否正常，如果信号受干扰，可以更换除O和O/外的其他脉冲信号。",bachmann PLC故障,
664,转速超过高限值,转速最大值超过2000rpm,"1.检查turck/Rheintacho rotas超速继电器设置值是否正确。
2.检查滑环编码器固定及反馈线路。
3.检查发电机编码器反馈线路是否有问题。
4.检查发电机编码器外壳对地是否绝缘（正常为绝缘，其信号屏蔽通过外接电缆屏蔽线实现）。
5.检查发电机编码器及固定是否有问题，天元电机早期使用的小编码器安装工艺有问题，建议更换为永济电机使用的大编码器（莱纳林德厂家）。
6.检查是否为阵风引起，若是，升级PLC程序。
7.检查叶片零位是否校正准确。",bachmann PLC故障,
665,转速超过低限值,转速最大值超过1980rpm,同上,bachmann PLC故障,
666,齿轮箱高速泵无压力,高速泵启动后，齿轮油压小于0.5bar超过15s ,"1.检查油压传感器及线路是否松动。
2.检查程序中油压传感器选型是否正确。
3.数字量油压传感器检查传感器显示屏是否显示乱码。
4.数字量油压传感器机组，运行油泵看油压传感器是否有油压显示，若无油压则可能油泵工作不正常，需检查泵（滤芯）、电机及油管阀门是否正常。
5.检查油泵电机运行是否正常，是否有异常噪音或声音特别轻，如果声音特别轻，可能花键损坏。
6.检查滤芯是否堵塞，是否有较多的杂物，如有检查齿轮箱是否正常。",bachmann PLC故障,
667,电池测得电网断电,系统检测到电池状态处于S0-BatStaDis（电池未连接）或S1-BatStaGri（电网掉电）状态,"1.检查电池开关是否打开。
2.检查电池电压及400V主电源是否正常。
3.检查变桨通讯是否正常。
4.如果机组在自检情况下报此故障，检查变桨SwiOffTor参数值是否在4000≤SwiOffTor≤4500。",bachmann PLC故障,
668,非驱动侧震动传感器短线或损坏,系统检测到电池状态处于S0-BatStaDis（电池未连接）或S1-BatStaGri（电网掉电）状态,"1.检查电池开关是否打开。
2.检查电池电压及400V主电源是否正常。
3.检查变桨通讯是否正常。
4.如果机组在自检情况下报此故障，检查变桨SwiOffTor参数值是否在4000≤SwiOffTor≤4500。",bachmann PLC故障,
669,大小电池测试电压差过小,电池高低负荷测试时，电压偏差小于5V,"1.检查电池测试电阻100Ω/200W（500W）是否损坏，如损坏更换测试电阻。
2.检查电池柜温度是否正常（在5到40度之间），若异常，检查电池柜加热器及测温PT是否正常。
3.检查电池测试回路线路及器件是否正常。
4.检查电池测试过程各元器件动作是否正常，bachmann PM3000W机组电池测试接触器动作过程如下：快充--K210.5断开瞬间再吸合--K212.2吸合，再断开。
5.检查电池是否损坏，每块电池电压是否正常（6块*12V/块*5组，单块电池电压通常在11.5V～13.5V左右）。
6.ABB机组电池状态显示S3快充时，如果充电接触器不吸合，检查从plc59、60口是否输出24V信号，若不输出，检查24Vdc熔丝F240.5是否烧坏。",bachmann PLC故障,
670,发电机信号显示过速,发电机转速信号大于1970rpm,"1.检查发电机编码器反馈线路是否有问题。
2.检查发电机编码器外壳对地是否绝缘（正常为绝缘，其信号屏蔽通过外接电缆屏蔽线实现）。
3.检查发电机编码器及固定是否有问题，天元电机早期使用的小编码器安装工艺有问题，建议更换为永济电机使用的大编码器（莱纳林德厂家）。
4.检查是否为阵风引起，若是，升级PLC程序。
5.检查叶片零位是否校正准确。",bachmann PLC故障,
671,变频器不同步,线路虚接/变频器程序未刷新/发电机故障/机侧变频器损坏/机侧变频器到8A保险线路不通或保险损坏/发电机定、转子相序错误/并网开关的辅助触点损坏；并网开关的辅助触点没有吸合。,"1.检查电机选型、开口电压、励磁电流设置是否正确。
2.示波器，检查同步时定子侧电压波形相位是否稳定，幅值与电网幅值是否相差大于200V，频率是否正常（正常为50Hz±2Hz）。如果相位不对，更换定子相序；如果频率不对，更换转子相序。
3.检查发电机定转子绕组相间、对地阻值是否正常。
4.检查定子接触器-K150.1线圈供电线路接线是否松动。       5.静态测试变频器至S7-Syn时，如果Gsccur高达100多安（正常为30A），且三相不平衡，且更换发电机转子相序后效果一样。则为发电机转子问题。
6.检查NCC300柜内发电机定子侧到8A保险到机侧变频器接线及插头是否松动，位置是否接对。
7.检查定子侧8A保险是否正常。
8.检查发电机编码器及固定是否正常。
9.使用ABB定子断路器做并网开关机组，如果机组输出并网控制信号，检查控制信号到定子断路器的线路、器件及定子断路器本身是否正常（特别是定子断路器辅助触点是否正常）。
10.使用ABB接触器做并网开关机组，检查接触器辅助触点及辅助触点反馈是否有问题。",bachmann PLC故障,
672,风速计测量错误,线路虚接/变频器程序未刷新/发电机故障/机侧变频器损坏/机侧变频器到8A保险线路不通或保险损坏/发电机定、转子相序错误/并网开关的辅助触点损坏；并网开关的辅助触点没有吸合。,"1.检查电机选型、开口电压、励磁电流设置是否正确。
2.示波器，检查同步时定子侧电压波形相位是否稳定，幅值与电网幅值是否相差大于200V，频率是否正常（正常为50Hz±2Hz）。如果相位不对，更换定子相序；如果频率不对，更换转子相序。
3.检查发电机定转子绕组相间、对地阻值是否正常。
4.检查定子接触器-K150.1线圈供电线路接线是否松动。       5.静态测试变频器至S7-Syn时，如果Gsccur高达100多安（正常为30A），且三相不平衡，且更换发电机转子相序后效果一样。则为发电机转子问题。
6.检查NCC300柜内发电机定子侧到8A保险到机侧变频器接线及插头是否松动，位置是否接对。
7.检查定子侧8A保险是否正常。
8.检查发电机编码器及固定是否正常。
9.使用ABB定子断路器做并网开关机组，如果机组输出并网控制信号，检查控制信号到定子断路器的线路、器件及定子断路器本身是否正常（特别是定子断路器辅助触点是否正常）。
10.使用ABB接触器做并网开关机组，检查接触器辅助触点及辅助触点反馈是否有问题。",bachmann PLC故障,
673,功率测量Sineax断线或损坏,线路虚接/变频器程序未刷新/发电机故障/机侧变频器损坏/机侧变频器到8A保险线路不通或保险损坏/发电机定、转子相序错误/并网开关的辅助触点损坏；并网开关的辅助触点没有吸合。,"1.检查电机选型、开口电压、励磁电流设置是否正确。
2.示波器，检查同步时定子侧电压波形相位是否稳定，幅值与电网幅值是否相差大于200V，频率是否正常（正常为50Hz±2Hz）。如果相位不对，更换定子相序；如果频率不对，更换转子相序。
3.检查发电机定转子绕组相间、对地阻值是否正常。
4.检查定子接触器-K150.1线圈供电线路接线是否松动。       5.静态测试变频器至S7-Syn时，如果Gsccur高达100多安（正常为30A），且三相不平衡，且更换发电机转子相序后效果一样。则为发电机转子问题。
6.检查NCC300柜内发电机定子侧到8A保险到机侧变频器接线及插头是否松动，位置是否接对。
7.检查定子侧8A保险是否正常。
8.检查发电机编码器及固定是否正常。
9.使用ABB定子断路器做并网开关机组，如果机组输出并网控制信号，检查控制信号到定子断路器的线路、器件及定子断路器本身是否正常（特别是定子断路器辅助触点是否正常）。
10.使用ABB接触器做并网开关机组，检查接触器辅助触点及辅助触点反馈是否有问题。",bachmann PLC故障,
674,9小时内风速信号为0,风速显示为0m/s达9小时,"1.ABBPLC机组重启从站PLC。
2.检查PLC模块至风速仪间的通讯线路。
3.检查风速仪转换模块。
4.升级PLC程序。
5.检查thies风速仪参数配置。
6.更换风速仪。",bachmann PLC故障,
675,风速计通讯故障,PLC没有收到风速仪信号超过5s,参考Err160、162,bachmann PLC故障,
676,电池温度PT100传感器,环境温度小于0度时，电池柜温度小于-50度或大于250度,"1.检查电池柜温度传感器线路是否松动。
2.检查电池柜PT100是否损坏。",bachmann PLC故障,
677,电池温度过低,环境温度小于0度时，电池柜温度小于-15度,"1.检查电池柜内加热器功能是否正常（正常为低于15度加热，高于20度停止加热），如加热器损坏，更换加热器。
2.检查电池柜内加热器控制回路是否正常（如K257.7)。
3.检查电池柜温度传感器线路是否松动。
4.检查电池柜PT100是否损坏。
5.按照技改方案，增加电池柜内加热器。",bachmann PLC故障,
678,滤波板PT100断线或损坏,环境温度小于0度时，电池柜温度小于-15度,"1.检查电池柜内加热器功能是否正常（正常为低于15度加热，高于20度停止加热），如加热器损坏，更换加热器。
2.检查电池柜内加热器控制回路是否正常（如K257.7)。
3.检查电池柜温度传感器线路是否松动。
4.检查电池柜PT100是否损坏。
5.按照技改方案，增加电池柜内加热器。",bachmann PLC故障,
679,电池在备用或充电时电压低,电池状态在S5-refresh或S6-standby状态下，电压低于345V超过10min,"1.检查电池回路线路是否松动。
2.检查电池电压测量回路电阻及线路是否正常。
3.检查电池实际电压是否正常。",bachmann PLC故障,
680,预留,,,bachmann PLC故障,
681,有功消耗超过30KW,功率低于-30KW超过1min,"1.检查变频器端子上电网电流测量互感器接线顺序。
2.检查发电机转速ConSpe信号，如信号失真，有短时跳跃，则为发电机编码问题引起。需检查编码器固定、联轴器固定及编码器测量回路是否正常。
3.更换编码器。
4.天元电机使用的小编码器存在问题，建议更换为永济电机使用的莱纳林德编码器。",bachmann PLC故障,
682,变压器HV1 PT100断线或损坏,功率低于-30KW超过1min,"1.检查变频器端子上电网电流测量互感器接线顺序。
2.检查发电机转速ConSpe信号，如信号失真，有短时跳跃，则为发电机编码问题引起。需检查编码器固定、联轴器固定及编码器测量回路是否正常。
3.更换编码器。
4.天元电机使用的小编码器存在问题，建议更换为永济电机使用的莱纳林德编码器。",bachmann PLC故障,
683,变压器HV2 PT100断线或损坏,功率低于-30KW超过1min,"1.检查变频器端子上电网电流测量互感器接线顺序。
2.检查发电机转速ConSpe信号，如信号失真，有短时跳跃，则为发电机编码问题引起。需检查编码器固定、联轴器固定及编码器测量回路是否正常。
3.更换编码器。
4.天元电机使用的小编码器存在问题，建议更换为永济电机使用的莱纳林德编码器。",bachmann PLC故障,
684,变压器HV3 PT100断线或损坏,功率低于-30KW超过1min,"1.检查变频器端子上电网电流测量互感器接线顺序。
2.检查发电机转速ConSpe信号，如信号失真，有短时跳跃，则为发电机编码问题引起。需检查编码器固定、联轴器固定及编码器测量回路是否正常。
3.更换编码器。
4.天元电机使用的小编码器存在问题，建议更换为永济电机使用的莱纳林德编码器。",bachmann PLC故障,
685,水泵断路器断开,水泵断路器反馈信号丢失,"1.检查水泵断路器是否断开；
2.检查水泵断路器反馈回路是否正常。",bachmann PLC故障,
686,预留,,,bachmann PLC故障,
687,变桨刹车230V保险,变桨刹车空开反馈信号丢失,"1.检查变桨电机刹车空开是否跳开，信号反馈是否正常。
2.检查变桨电机制动线路回路，电缆是否固定好，是否甩断接地或短路。
3.检查变桨柜内接触器-K21.3、-K31.3、-K41.3线圈阻值是否正常。",bachmann PLC故障,
688,预留,,,bachmann PLC故障,
689,预留,,,bachmann PLC故障,
690,预留,,,bachmann PLC故障,
691,发电机碳刷,碳刷监控信号触发,"1.检查碳刷是否磨损严重导致监控信号触发，若是，必须更换碳刷；
2.检查碳刷监控反馈信号回路是否松动。",bachmann PLC故障,
692,预留,,,bachmann PLC故障,
693,预留,,,bachmann PLC故障,
694,预留,,,bachmann PLC故障,
695,预留,,,bachmann PLC故障,
696,预留,,,bachmann PLC故障,
697,预留,,,bachmann PLC故障,
698,预留,,,bachmann PLC故障,
699,预留,,,bachmann PLC故障,
700,压力释放开关/ 箱变断路器跳闸,碳刷监控信号触发,"1.检查碳刷是否磨损严重导致监控信号触发，若是，必须更换碳刷；
2.检查碳刷监控反馈信号回路是否松动。",bachmann PLC故障,
701,油温跳闸报警,碳刷监控信号触发,"1.检查碳刷是否磨损严重导致监控信号触发，若是，必须更换碳刷；
2.检查碳刷监控反馈信号回路是否松动。",bachmann PLC故障,
702,箱变重瓦斯,碳刷监控信号触发,"1.检查碳刷是否磨损严重导致监控信号触发，若是，必须更换碳刷；
2.检查碳刷监控反馈信号回路是否松动。",bachmann PLC故障,
703,箱变低压侧开关断开,碳刷监控信号触发,"1.检查碳刷是否磨损严重导致监控信号触发，若是，必须更换碳刷；
2.检查碳刷监控反馈信号回路是否松动。",bachmann PLC故障,
704,预留,,,bachmann PLC故障,
705,预留,,,bachmann PLC故障,
706,预留,,,bachmann PLC故障,
707,预留,,,bachmann PLC故障,
708,预留,,,bachmann PLC故障,
709,预留,,,bachmann PLC故障,
710,预留,,,bachmann PLC故障,
711,预留,,,bachmann PLC故障,
712,预留,,,bachmann PLC故障,
713,预留,,,bachmann PLC故障,
714,自检复位刹车片40S未打开,碳刷监控信号触发,"1.检查碳刷是否磨损严重导致监控信号触发，若是，必须更换碳刷；
2.检查碳刷监控反馈信号回路是否松动。",bachmann PLC故障,
715,在自检子状态8中安全链断开时叶片没有顺桨,碳刷监控信号触发,"1.检查碳刷是否磨损严重导致监控信号触发，若是，必须更换碳刷；
2.检查碳刷监控反馈信号回路是否松动。",bachmann PLC故障,
716,自检时发电机未停转,机组自检刹车关闭时，发电机转速不为零,"1.检查编码器固定是否正常；
2.检查自检时机械刹车是否能够完全制动；
3.检查编码器外接电缆屏蔽线接地电阻是否小于0.3欧（PM1000机组）；
4.检查编码器外壳对地电阻，正常为无穷大；
5.检查编码器至变频器间通讯线及插头是否松动或工作异常；
6.检查变频器测速版是否正常。
7.检查发电机编码器及固定是否有问题，天元电机早期使用的小编码器安装工艺有问题，建议更换为永济电机使用的大编码器（莱纳林德厂家）。",bachmann PLC故障,
717,自检时crowbar状态,机组在S10设置状态下，Crowbar测试反馈错误,"1.检查crowbar到电机侧变频器的通讯光纤是否损坏（如：出现严重压痕等）；
2.检查Crowbar单元线路是否松动；
3.更换Crowbar控制器。",bachmann PLC故障,
718,自检时变频器未就绪,自检时，变桨变频器母线电压与电池电压差值错误,"1.检查变桨子故障；
2.检查主电源断电时，电池电压是否波动很大。",bachmann PLC故障,
719,自检时变桨未达指定位置,自检时，在限定的时间内变桨没有到指定位置,"1.检查变桨扭矩是否正常；
2.检查是否有变桨子故障；
3.使用手动变桨操作盒变桨，检查是否正常。",bachmann PLC故障,
720,自检时安全链开启叶片未复位,.6和.7传感器的位置装反；传感器长度与制动器不匹配,"1.检查制动器传感器安装位置是否正确（正确的为长杆在中间，图纸代号为S222.6；短杆在旁边且有附件杆，图纸代号为S222.7）。
2.bachmann简版机组程序问题，更新PLC程序到C14.143 20120427之后版。
3.更换传感器或制动器",bachmann PLC故障,
721,自检时刹车未关闭,自检安全链断开时，刹车闭合反馈信号错误超过2s,"1.检查制动器传感器安装位置是否正确（正确的为长杆在中间，图纸代号为S222.6；短杆在旁边且有附件杆，图纸代号为S222.7）。
2.检查刹车传感器反馈信号是否正常；
3.检查刹车动作是否正常；
4.bachmann简版机组程序问题，更新PLC程序到C14.143 20120427之后版。
5.更换传感器或制动器",bachmann PLC故障,
722,预留,,,bachmann PLC故障,
723,自检时发电机转速关系,自检时发电机转速异常,"1.检查发电机编码器固定是否正常；
2.检查风速仪测风是否正常；
3.检查叶轮锁是否被锁上；
4.检查齿轮箱是否正常。",bachmann PLC故障,
724,自检叶片未顺桨（电池电量低）,自检电网掉电10s后，变桨状态不等于HubStaSafCha或HubStaSafOk_或HubStaNo_Bat,"1.检查变桨SwiOffTor参数值是否在4000≤SwiOffTor≤4500。
2.检查蓄电池电量是否正常。",bachmann PLC故障,
725,自检电池未发现脱网,自检电网掉电10s后，电池状态不等于BatStaGri,"1.检查变桨电源控制接触器K210.2控制回路、反馈回路是否正常；
",bachmann PLC故障,
726,自检叶片摩擦过高,自检时，变桨扭矩大于50Nm,"1.检查变桨扭矩是否正常
2.使用手动变桨操作盒变桨，检查是否正常。
3.变桨轴承增加变桨润滑油。",bachmann PLC故障,
727,电池全部放电接触器故障,电池放电保护接触器K210.5错误,"1.检查K210.5控制及反馈信号是否正常；
2.如果PLC不输出控制信号控制K210.5吸合，且检查接触器下端并无接地、短路等问题，断电重新上电后能吸合，但不定时的还跳开，则建议检查电池柜内蓄电池，检查是否有烧焦痕迹或某组电池电压较低。",bachmann PLC故障,
728,电池测试接触器故障,PLC接收到电池测试反馈信号异常超过500ms，输出测试信号时无反馈或未输出测试信号时接收到反馈,"1.检查电池测试接触器K212.2反馈线路是否正常；
2.检查电池测试接触器K212.2控制回路是否正常；
3.检查电池测试接触器K212.2是否正常。",bachmann PLC故障,
729,电池400V接触器1,PLC接收到电池充电反馈信号异常超过500ms，电池状态显示快充时，充电接触器1无反馈，或电池未显示快充时，充电接触器1有反馈。,"1.检查电池测试接触器K212.4反馈线路是否正常；
2.检查电池测试接触器K212.4控制回路是否正常；
3.检查电池测试接触器K212.4是否正常；
4.bachmann机组检查DIO280模块85号端口24Vdc电源接线是否正常。",bachmann PLC故障,
730,电池400V接触器2,PLC接收到电池充电反馈信号异常超过500ms，电池状态显示快充时，充电接触器2无反馈，或电池未显示快充时，充电接触器2有反馈。,"1.检查电池测试接触器K212.6反馈线路是否正常；
2.检查电池测试接触器K212.6控制回路是否正常；
3.检查电池测试接触器K212.6是否正常；
4.bachmann机组检查DIO280模块85号端口24Vdc电源接线是否正常。",bachmann PLC故障,
731,直流500V接触器未闭合,变桨电源控制接触器K210.2反馈错误,"1.检查变桨电源控制接触器K210.2控制回路、反馈回路是否正常；
",bachmann PLC故障,
732,预留,,,bachmann PLC故障,
733,预留,,,bachmann PLC故障,
734,滤波板温度,滤波板温度大于100度,"1.检查水循环，包括水阀是否畅通，排气是否彻底，水压是否正常。
2.如果水循环没有问题，检查滤波板中1欧姆电阻排布是否分散。
3.检查PT100测温是否与实际温度一致。
4.更换滤波板。",bachmann PLC故障,
735,自动加热器熔断器,PLC检测到F134.6空开反馈信号错误,1.检查F136.6空开及反馈信号是否正常。,bachmann PLC故障,
736,预留,,,bachmann PLC故障,
737,刹车泵接触器,PLC检测到刹车泵接触器状态错误超过500ms，刹车泵启动信号给出时接触器没有反馈，或刹车泵启动信号未给出时接触器有反馈。,"1.检查刹车泵接触器反馈回路是否有问题。
2.检查刹车泵接触器控制回路是否有问题。
3.检查刹车泵接触器是否正常。",bachmann PLC故障,
738,预留,,,bachmann PLC故障,
739,预留,,,bachmann PLC故障,
740,预留,,,bachmann PLC故障,
741,变频器扼流电路温度,网侧电抗温度大于155度,"1.检查PT100测温与实际温度是否相符。
2.检查PT100测温回路是否松动。
3.如果温度确实高，检查NCC320柜内风扇及水冷循环是否正常。",bachmann PLC故障,
742,预留,,,bachmann PLC故障,
743,水泵接触器,PLC检测到水泵接触器状态错误超过500ms，水泵启动信号给出时接触器没有反馈，或水泵启动信号未给出时接触器有反馈。,"1.检查水泵接触器反馈回路是否有问题。
2.检查水泵接触器控制回路是否有问题。
3.检查水泵接触器是否正常。",bachmann PLC故障,
744,齿轮箱低速风扇接触器,PLC检测到水泵接触器状态错误超过500ms，水泵启动信号给出时接触器没有反馈，或水泵启动信号未给出时接触器有反馈。,"1.检查水泵接触器反馈回路是否有问题。
2.检查水泵接触器控制回路是否有问题。
3.检查水泵接触器是否正常。",bachmann PLC故障,
745,齿轮箱高速风扇接触器反馈故障,PLC检测到水泵接触器状态错误超过500ms，水泵启动信号给出时接触器没有反馈，或水泵启动信号未给出时接触器有反馈。,"1.检查水泵接触器反馈回路是否有问题。
2.检查水泵接触器控制回路是否有问题。
3.检查水泵接触器是否正常。",bachmann PLC故障,
746,变速箱低速泵接触器,PLC检测到齿轮箱低速泵接触器状态错误超过500ms，低速泵启动信号给出时接触器没有反馈，或启动信号未给出时接触器有反馈。,"1.检查齿轮箱低速泵接触器反馈回路是否有问题。
2.检查齿轮箱低速泵接触器控制回路是否有问题。
3.检查齿轮箱低速泵接触器是否正常。",bachmann PLC故障,
747,变速箱冷却泵接触器,PLC检测到齿轮箱高速泵接触器状态错误超过500ms，高速泵启动信号给出时接触器没有反馈，或启动信号未给出时接触器有反馈。,"1.检查齿轮箱高速泵接触器反馈回路是否有问题。
2.检查齿轮箱高速泵接触器控制回路是否有问题。
3.检查齿轮箱高速泵接触器是否正常。",bachmann PLC故障,
748,驱动侧塔筒加速传感器,驱动侧振动传感器反馈的加速度交流分量值超限,"1.检查驱动侧振动传感器5V电源是否正常。
2.检查驱动侧振动传感器外接线路及浪涌是否正常。
3.检查实际振动是否较大，若是，检查叶片零位、发电机固定、齿轮箱是否正常。
4.检查是否为干扰引起，若是，检查传感器外接线缆屏蔽是否正常。
5.更换驱动侧振动传感器。
6.更新PLC程序。",bachmann PLC故障,
749,非驱动侧塔筒加速传感器,非驱动侧振动传感器反馈的加速度交流分量值超限,"1.检查非驱动侧振动传感器5V电源是否正常。
2.检查非驱动侧振动传感器外接线路及浪涌是否正常。
3.检查实际振动是否较大，若是，检查叶片零位、发电机固定、齿轮箱是否正常。
4.检查是否为干扰引起，若是，检查传感器外接线缆屏蔽是否正常。
5.更换非驱动侧振动传感器。
6.更新PLC程序。",bachmann PLC故障,
750,预留,,,bachmann PLC故障,
751,预留,,,bachmann PLC故障,
752,预留,,,bachmann PLC故障,
753,驱动链摇摆,系统检测到机组驱动链晃动大,"1.检查发电机转速信号是否波动。
2.检查发电机编码器固定及外接线路是否正常。
3.检查发电机编码器在外接线缆断开时，外壳对地是否绝缘。",bachmann PLC故障,
754,驱动侧塔筒位移（由塔筒加速传感器计算）,PLC检测到驱动端振动传感器位移超过限制值,"1.检查驱动侧振动传感器5V电源是否正常。
2.检查驱动侧振动传感器外接线路及浪涌是否正常。
3.检查实际振动是否较大，若是，检查叶片零位、发电机固定、齿轮箱是否正常。
4.检查是否为干扰引起，若是，检查传感器外接线缆屏蔽是否正常。
5.更换驱动侧振动传感器。
6.更新PLC程序。",bachmann PLC故障,
755,非驱动侧塔筒位移（由塔筒加速传感器计算）,PLC检测到非驱动端振动传感器位移超过限制值,"1.检查非驱动侧振动传感器5V电源是否正常。
2.检查非驱动侧振动传感器外接线路及浪涌是否正常。
3.检查实际振动是否较大，若是，检查叶片零位、发电机固定、齿轮箱是否正常。
4.检查是否为干扰引起，若是，检查传感器外接线缆屏蔽是否正常。
5.更换非驱动侧振动传感器。
6.更新PLC程序。",bachmann PLC故障,
756,变速箱压力传感器,齿轮箱压力传感器测得压力≤-1bar,"1.检查压力传感器在程序中选项是否正确。
2.检查压力传感器外接线路是否松动。
3.检查压力传感器电源是否正常。
4.如果为数字量压力传感器，启动油泵时检查传感器显示屏显示与机组控制面板显示是否一致。
5.更换压力传感器。",bachmann PLC故障,
757,驱动侧加速传感器（直流部分）,PLC检测到驱动端振动传感器加速度直流分量超过限制值,"1.检查驱动侧振动传感器5V电源是否正常。
2.检查驱动侧振动传感器外接线路及浪涌是否正常。
3.检查实际振动是否较大，若是，检查叶片零位、发电机固定、齿轮箱是否正常。
4.检查是否为干扰引起，若是，检查传感器外接线缆屏蔽是否正常。
5.更换驱动侧振动传感器。
6.更新PLC程序。",bachmann PLC故障,
758,非驱动侧加速传感器（直流部分）,PLC检测到非驱动端振动传感器加速度直流分量超过限制值,"1.检查非驱动侧振动传感器5V电源是否正常。
2.检查非驱动侧振动传感器外接线路及浪涌是否正常。
3.检查实际振动是否较大，若是，检查叶片零位、发电机固定、齿轮箱是否正常。
4.检查是否为干扰引起，若是，检查传感器外接线缆屏蔽是否正常。
5.更换非驱动侧振动传感器。
6.更新PLC程序。",bachmann PLC故障,
759,600秒内机舱3个摇摆告警,PLC检测到振动传感器信号超过限制值,"1.检查驱动、非驱动侧振动传感器5V电源是否正常。
2.检查驱动、非驱动侧振动传感器外接线路及浪涌是否正常。
3.检查实际振动是否较大，若是，检查叶片零位、发电机固定、齿轮箱是否正常。
4.检查是否为干扰引起，若是，检查传感器外接线缆屏蔽是否正常。
5.更换驱动、非驱动侧振动传感器。
6.更新PLC程序。
7.调整偏航大齿圈侧面轴承螺栓力矩",bachmann PLC故障,
760,定子电流1分钟均值过高,1分钟定子电流值滤波值超过1487A,"1.更新PLC程序。
2.PM1000变频器及PM3000变频器未低穿技改机组，重新写读变频器参数。
3.更换变频器或变频器控制板。",bachmann PLC故障,
761,总电流1分钟均值过高,1分钟定子电流值滤波值超过1487A,"1.更新PLC程序。
2.PM1000变频器及PM3000变频器未低穿技改机组，重新写读变频器参数。
3.更换变频器或变频器控制板。",bachmann PLC故障,
762,预留,,,bachmann PLC故障,
763,电网功率10分钟均值过高,10分钟滤波功率大于1580kw,"1.更新PLC程序。
2.PM1000变频器及PM3000变频器未低穿技改机组，重新写读变频器参数。
3.更换变频器或变频器控制板。",bachmann PLC故障,
764,电网功率1分钟均值过高,1分钟滤波功率大于1600kw,"1.更新PLC程序。
2.PM1000变频器及PM3000变频器未低穿技改机组，重新写读变频器参数。
3.更换变频器或变频器控制板。",bachmann PLC故障,
765,电网功率10秒钟均值过高,10秒钟滤波功率大于1680kw,"1.更新PLC程序。
2.PM1000变频器及PM3000变频器未低穿技改机组，重新写读变频器参数。
3.更换变频器或变频器控制板。",bachmann PLC故障,
766,电网功率实际值过高,10秒钟滤波功率大于1680kw,"1.更新PLC程序。
2.PM1000变频器及PM3000变频器未低穿技改机组，重新写读变频器参数。
3.更换变频器或变频器控制板。",bachmann PLC故障,
767,预留,,,bachmann PLC故障,
768,预留,,,bachmann PLC故障,
769,预留,,,bachmann PLC故障,
770,预留,,,bachmann PLC故障,
771,预留,,,bachmann PLC故障,
772,预留,,,bachmann PLC故障,
773,预留,,,bachmann PLC故障,
774,预留,,,bachmann PLC故障,
775,预留,,,bachmann PLC故障,
776,预留,,,bachmann PLC故障,
777,预留,,,bachmann PLC故障,
778,预留,,,bachmann PLC故障,
779,预留,,,bachmann PLC故障,
780,预留,,,bachmann PLC故障,
781,预留,,,bachmann PLC故障,
782,预留,,,bachmann PLC故障,
783,预留,,,bachmann PLC故障,
784,预留,,,bachmann PLC故障,
785,预留,,,bachmann PLC故障,
786,预留,,,bachmann PLC故障,
787,预留,,,bachmann PLC故障,
788,预留,,,bachmann PLC故障,
789,预留,,,bachmann PLC故障,
790,预留,,,bachmann PLC故障,
791,预留,,,bachmann PLC故障,
792,预留,,,bachmann PLC故障,
793,预留,,,bachmann PLC故障,
794,预留,,,bachmann PLC故障,
795,预留,,,bachmann PLC故障,
796,预留,,,bachmann PLC故障,
797,预留,,,bachmann PLC故障,
798,预留,,,bachmann PLC故障,
799,预留,,,bachmann PLC故障,
800,三相电网电压不平衡,三相电网电压不平衡,"1.检查三相电网电压是否平衡（如有变频器子故障，参考子故障）。
2.如果电网电压有一到两相显示400V，检查8A保险是否正常；如果三相都是0V，检查8A及低压侧690V断路器是否正常；如果三相电压不平衡度不一致，检查业主高压侧35KV跌落保险是否正常。
3.检查实际电流是否也不平衡，若不平衡，首先检查并网开关是否正常，若正常，在箱变侧更换箱变—机组的3相690VAC电缆接线顺序（将原先A-L1、B-L2、C-L3的顺序变更为A-L2、B-L3、C-L1的顺序），如果异常电流变成另一相，则问题出在箱变那边。
",bachmann PLC故障,
801,三相电网电流不平衡,三相电网电流不平衡,"1.检查定子断路器/接触器是否正常，导通性是否良好。
2.检查箱变高压侧跌落保险是否正常。
3.检查箱变高低压侧电缆连接是否正常。
4.箱变侧更换箱变—机组的3相690VAC电缆接线顺序（将原先A-L1/B-L2/C-L3的顺序变更为A-L2/B-L3/C-L1的顺序），如果异常电流变成另一相，则问题出在箱变侧。",bachmann PLC故障,
802, 电网电压低于138V持续625ms后报Error802,,,bachmann PLC故障,
803,电网电压高于793V持续1s后报Error803,,,bachmann PLC故障,
804,  电网频率低于47.5Hz持续1s后报Error804,,,bachmann PLC故障,
805,  电网频率高于52.5Hz持续1s后报Error805,,,bachmann PLC故障,
806,变频器参数读写结果不一致会报Error806,,,bachmann PLC故障,
807,  故障电流高于150A持续200ms后报Error807,,,bachmann PLC故障,
808,预留,,,bachmann PLC故障,
809,预留,,,bachmann PLC故障,
810,预留,,,bachmann PLC故障,
811,预留,,,bachmann PLC故障,
812,未达到额定偏航速度,偏航速度低或偏航方向与给定方向不一致；偏航程序版本或偏航变频器问题,"1.检查偏航传感器是否正常。
2.检查偏航传感器内部编码器至PLC模块的接线及脉冲反馈是否正常。
3.检查偏航功率是否过高，如果大于12kw，建议重调偏航力矩来减小偏航功率。
4.检查偏航电机转向是否正常，服务模式下控制面板左转时，实际是否左转且机舱角度也递减。
5.如果是Vacon偏航变频器机组，可能是偏航变频器程序问题，更新偏航变频器程序可解决。
6.如果偏航变频器温度静止时为0，但一偏航就快速变到-1500度，更换偏航变频器。
",bachmann PLC故障,
813,偏航运动时机舱位置未改变,偏航时机舱角度无变化超过4s,"1.检查偏航传感器内部的编码器及接线。
2.检查偏航传感器内部编码器电源及反馈是否正常。",bachmann PLC故障,
814,机舱位置变化量过小,机舱位置变化小于给定的60%,"1.检查偏航传感器线路。
2.检查偏航时角度反馈是否正常。
3.检查偏航电机工作是否正常。
4.更换偏航传感器或传感器内部编码器。
5.如果雷击引起，可能凸轮内编码器损坏，检查更换编码器，并尽快做好防雷技改和零地分离技改。                                                                                  ",bachmann PLC故障,
815,停机过程机舱位置改变,未偏航时，系统检测到机舱角度变化,"1.MGM偏航电机正上方（外壳顶部）螺丝没有去除，导致偏航电机刹车一直处于打开状态。将MGM偏航电机上方螺丝去除即可。
2.检查偏航电机刹车供电控制继电器K118.8触点是否一直处于导通状态，正常为偏航时线圈得电触点闭合、不偏航时线圈失电触点断开。
3.检查凸轮开关固定及内部编码器固定是否松动。
4.如果以上原因都排除，可能是接收凸轮编码器的plc或模块问题。",bachmann PLC故障,
816,偏航供电断路器断开,PLC模块检测到偏航变频器空开反馈信号丢失,"1.检查偏航变频器空开F118.2是否断开。
2.检查偏航变频器空开F118.2反馈信号至PLC是否松动。",bachmann PLC故障,
817,偏航变频器通讯故障,偏航变频器与PLC间CAN中断超过2s,"1.检查偏航变频器与PLC模块间通讯线路是否有正常。
2.ABB机组检查从站PLC CAN通讯配置是否正常。
3.如果运行过程中频繁报此故障，且需给偏航变频器断电才能复位，可能偏航变频器的通讯板问题。",bachmann PLC故障,
818,偏航控制装置终端开关断开,偏航变频器与PLC间CAN中断超过2s,"1.检查偏航变频器与PLC模块间通讯线路是否有正常。
2.ABB机组检查从站PLC CAN通讯配置是否正常。
3.如果运行过程中频繁报此故障，且需给偏航变频器断电才能复位，可能偏航变频器的通讯板问题。",bachmann PLC故障,
819,发生偏航变频器故障,偏航变频器检测到错误,1.检查偏航变频器子故障，参考偏航子故障处理手册。,bachmann PLC故障,
820,偏航刹车断路器断开,0,"1.检查偏航刹车空开F122.2是否跳开。
2.检查偏航刹车空开F122.2反馈触点至PLC模块IYawBraFus端口线路是否有问题。",bachmann PLC故障,
821,偏航变频器与伺服盒连接,系统检测到偏航操作盒连接,"1.检查手动操作盒是否连接到偏航系统。
2.检查偏航系统手动操作盒检测回路是否有问题。",bachmann PLC故障,
822,到达变桨位置超时,系统检测到偏航操作盒连接,"1.检查手动操作盒是否连接到偏航系统。
2.检查偏航系统手动操作盒检测回路是否有问题。",bachmann PLC故障,
823,偏航控制装置反馈信号与实际偏航位置不符,机舱角度小于-900且左右位置显示“右”/ 机舱角度大于900且左右位置显示“左”，超时10s,"1.检查凸轮左右极限位置开关、解缆保护开关是否正常，调节位置是否有很大误差。
2.检查凸轮开关左右极限位置开关是否接反。
3.检查电缆是否扭曲很大，若是需要偏航到电缆完全垂直后重新调节凸轮。
4.如果KEB偏航变频器16号端口（ST）无24V反馈，此时将无法偏航。
5.在电缆完全垂直状态重新调整凸轮，如果角度显示负数，调节4号凸轮环正好触发按钮，使面板显示机舱位置为“左”，然后向右偏航直到机舱位置变为“右”，此时角度就能自动变到±30度范围内；反之，调节4号凸轮环使其正好不触发按钮，使面板显示机舱位置为“右”，然后向左偏航直到机舱位置变为“左”，此时角度就能自动变到±30度范围内。",bachmann PLC故障,
824,运行中偏航功率低于故障限值,偏航功率低,1.调整偏航螺栓力矩，夏天4-6kw；冬天6-8kw。                                                                          ,bachmann PLC故障,
835,No power converter detected, , ,bachmann PLC故障,
1023,机组部件类型未选择,PLC检测到机组器件类型选择不全,1.检查机组叶片、发电机、变桨减速比、风速仪等部件类型是否设置完毕。,bachmann PLC故障,部件选型
1535,风机参数未读写, ,,bachmann PLC故障,
